DB00131	P16220
DB00131	P11309
DB00131	Q07343
DB00131	P06737
DB00131	Q9Y478
DB00131	P49773
DB00131	Q08499
DB00131	Q9NUB1
DB00131	Q9NR19
DB00131	Q13131
DB00131	O43741
DB00131	Q08828
DB00131	P33121
DB00131	P09467
DB00131	P55263
DB00131	P23109
DB00131	P07741
DB00132	O60427
DB00132	O95864
DB00132	P32418
DB00132	Q8NER1
DB00132	Q9GZR5
DB00142	Q13255
DB00142	Q14833
DB00142	Q16099
DB00142	Q16478
DB00142	Q14831
DB00142	O00222
DB00142	O00341
DB00142	O14841
DB00142	O15067
DB00142	O15382
DB00142	O15399
DB00142	O43424
DB00142	O60391
DB00142	O75879
DB00142	O94925
DB00142	P00505
DB00142	P07814
DB00142	P08243
DB00142	P15104
DB00142	P17174
DB00142	P17735
DB00142	P24298
DB00142	P38435
DB00142	P43003
DB00142	P43004
DB00142	P43005
DB00142	P48506
DB00142	P48664
DB00142	P49448
DB00142	P49915
DB00142	P54687
DB00142	P80404
DB00142	Q05586
DB00142	Q05932
DB00142	Q07075
DB00142	Q12879
DB00142	Q13224
DB00142	Q14957
DB00142	Q2TU84
DB00142	Q5JPH6
DB00142	Q5TDP6
DB00142	Q6IA69
DB00142	Q6YP21
DB00142	Q8N159
DB00142	Q8N5Z0
DB00142	Q8TCU5
DB00142	Q8TD30
DB00142	Q9H1K4
DB00142	Q9H936
DB00142	Q9UDR5
DB00142	Q9UI32
DB00142	Q9ULA0
DB00142	Q9ULK0
DB00142	Q9UPY5
DB00142	Q9Y646
DB00142	Q9Y617
DB00142	P00367
DB00142	P39086
DB00142	P42261
DB00142	P48507
DB00142	Q04609
DB00142	Q05329
DB00142	Q99259
DB00142	O95954
DB00142	P42262
DB00142	P42263
DB00142	P48058
DB00142	P54886
DB00142	Q13002
DB00142	Q13003
DB00145	O75600
DB00145	P13196
DB00145	P22557
DB00145	P23434
DB00145	P41250
DB00145	Q12879
DB00145	Q14032
DB00145	Q14330
DB00145	P48637
DB00145	Q14957
DB00145	Q53ET4
DB00145	P34896
DB00145	P34896
DB00145	Q6IB77
DB00145	Q7Z2H8
DB00145	P34897
DB00145	Q8WU03
DB00145	Q969I3
DB00145	Q9BYV1
DB00145	Q9H598
DB00145	Q9P0Z9
DB00145	Q9Y345
DB00145	O60391
DB00145	P23378
DB00145	P48067
DB00145	P23415
DB00145	P21549
DB00145	P48167
DB00145	P34896
DB00145	O75311
DB00145	P23416
DB00145	Q14749
DB00145	P34897
DB00145	P50440
DB00159	P35354
DB00159	P23219
DB00159	P37231
DB00159	Q03181
DB00159	O60427
DB00159	O60488
DB00159	O95573
DB00159	O14842
DB00159	P32418
DB00159	Q8NER1
DB00163	O75469
DB00163	P05771
DB00163	P09917
DB00163	P17252
DB00163	P23743
DB00163	P62714
DB00163	P67775
DB00163	Q9UDX3
DB00163	Q9UDX4
DB00163	O76054
DB00163	P09210
DB00163	P09211
DB00163	P78417
DB00163	P21266
DB00163	P48506
DB00163	P15559
DB00163	P09601
DB00163	P00441
DB00171	P42684
DB00171	P08183
DB00171	P45844
DB00171	Q92887
DB00171	O95477
DB00171	Q9NR19
DB00171	Q9UM73
DB00171	Q13564
DB00171	Q13131
DB00171	P10398
DB00171	P37023
DB00171	P33121
DB00171	P49902
DB00171	O43681
DB00171	O60706
DB00171	P31749
DB00171	P25098
DB00171	O14727
DB00171	Q9NUB1
DB00171	P36896
DB00171	Q04771
DB00171	O95342
DB00171	P08243
DB00171	Q96Q40
DB00171	P12235
DB00171	Q09428
DB00171	P00966
DB00171	Q9Y4W6
DB00171	P35626
DB00171	Q16671
DB00171	Q07912
DB00171	P00519
DB00171	Q08828
DB00171	P55263
DB00185	P20309
DB00185	P11229
DB00185	P10635
DB00185	P08684
DB00185	Q01740
DB00186	P14867
DB00186	P47869
DB00186	P34903
DB00186	P48169
DB00186	P31644
DB00186	Q16445
DB00186	P18505
DB00186	P47870
DB00186	P28472
DB00186	O14764
DB00186	P78334
DB00186	Q8N1C3
DB00186	P18507
DB00186	Q99928
DB00186	O00591
DB00186	Q9UN88
DB00186	P30536
DB00186	P54855
DB00189	P14867
DB00189	P47869
DB00189	P34903
DB00189	P48169
DB00189	P31644
DB00189	Q16445
DB00189	P18505
DB00189	P47870
DB00189	P28472
DB00189	O14764
DB00189	P78334
DB00189	Q8N1C3
DB00189	P18507
DB00189	Q99928
DB00189	O00591
DB00189	Q9UN88
DB00193	P35372
DB00193	P23975
DB00193	P31645
DB00193	P28335
DB00193	P41145
DB00193	P41143
DB00193	Q8TCU5
DB00193	Q693P7
DB00193	P20309
DB00193	P10635
DB00193	P08684
DB00193	P20813
DB00197	P37231
DB00197	O60488
DB00197	P05121
DB00197	Q99808
DB00197	P62508
DB00197	P11474
DB00197	P08684
DB00197	P10632
DB00197	P22309
DB00197	P33261
DB00197	P11511
DB00197	P04798
DB00197	P20813
DB00197	P11712
DB00197	P20815
DB00197	P24462
DB00197	P35503
DB00197	P22310
DB00197	P19224
DB00197	Q9HAW7
DB00197	Q9HAW9
DB00197	O60656
DB00197	Q9HAW8
DB00197	P16662
DB00197	P54855
DB00200	Q99707
DB00200	P22033
DB00200	Q9UBK8
DB00200	Q8IVH4
DB00200	P20061
DB00200	Q9BXJ7
DB00200	O60494
DB00200	Q96EY8
DB00200	Q9Y4U1
DB00201	P30542
DB00201	P29274
DB00201	Q07343
DB00201	P21817
DB00201	P54750
DB00201	Q01064
DB00201	Q14123
DB00201	Q9Y233
DB00201	P27815
DB00201	Q07343
DB00201	Q08493
DB00201	Q08499
DB00201	Q9NP56
DB00201	O00408
DB00201	Q14432
DB00201	Q13370
DB00201	O76074
DB00201	P51160
DB00201	Q9HCR9
DB00201	Q13946
DB00201	O60658
DB00201	O95263
DB00201	O76083
DB00201	P16499
DB00201	P35913
DB00201	P78527
DB00201	O00329
DB00201	P42336
DB00201	P42338
DB00201	Q14643
DB00201	Q14571
DB00201	Q14573
DB00201	Q13315
DB00201	P20815
DB00201	P05177
DB00201	P24462
DB00201	P08684
DB00201	P05181
DB00201	P10632
DB00201	P11712
DB00201	P04798
DB00201	Q16678
DB00201	P10635
DB00202	Q9GZZ6
DB00202	Q693P7
DB00202	P11229
DB00202	P08172
DB00202	P20309
DB00202	P06276
DB00228	P14867
DB00228	P47869
DB00228	P34903
DB00228	P48169
DB00228	P31644
DB00228	Q16445
DB00228	P18505
DB00228	P47870
DB00228	P28472
DB00228	O14764
DB00228	P78334
DB00228	Q8N1C3
DB00228	P18507
DB00228	Q99928
DB00228	O00591
DB00228	Q9UN88
DB00228	P23415
DB00228	P48167
DB00228	O15554
DB00228	Q09470
DB00228	P98194
DB00228	P42261
DB00228	P30049
DB00228	P05181
DB00230	O00555
DB00231	P14867
DB00231	P47869
DB00231	P34903
DB00231	P48169
DB00231	P31644
DB00231	Q16445
DB00231	P18505
DB00231	P47870
DB00231	P28472
DB00231	Q8N1C3
DB00231	P18507
DB00231	Q99928
DB00231	O14764
DB00231	P78334
DB00231	O00591
DB00231	P24046
DB00231	P28476
DB00231	A8MPY1
DB00231	Q9UN88
DB00231	P30536
DB00231	P14867
DB00231	P47869
DB00231	P34903
DB00231	P48169
DB00231	P31644
DB00231	Q16445
DB00231	P18505
DB00231	P47870
DB00231	P28472
DB00231	O14764
DB00231	P78334
DB00231	Q8N1C3
DB00231	P18507
DB00231	Q99928
DB00231	O00591
DB00231	Q9UN88
DB00231	P33261
DB00231	P08684
DB00231	P20813
DB00231	P10632
DB00231	P11712
DB00235	Q14432
DB00237	P14867
DB00237	P47869
DB00237	P34903
DB00237	P48169
DB00237	P31644
DB00237	Q16445
DB00237	P18505
DB00237	P47870
DB00237	P28472
DB00237	O14764
DB00237	P78334
DB00237	Q8N1C3
DB00237	P18507
DB00237	Q99928
DB00237	O00591
DB00237	Q9UN88
DB00237	P43681
DB00237	P36544
DB00237	P42262
DB00237	Q13002
DB00241	P14867
DB00241	P47869
DB00241	P34903
DB00241	P48169
DB00241	P31644
DB00241	Q16445
DB00241	P43681
DB00241	P36544
DB00241	P42262
DB00241	Q13002
DB00241	P14867
DB00241	P47869
DB00241	P34903
DB00241	P48169
DB00241	P31644
DB00241	Q16445
DB00241	P18505
DB00241	P47870
DB00241	P28472
DB00241	O14764
DB00241	P78334
DB00241	Q8N1C3
DB00241	P18507
DB00241	Q99928
DB00241	O00591
DB00241	Q9UN88
DB00246	P14416
DB00246	P28223
DB00246	P21728
DB00246	P21918
DB00246	P35462
DB00246	P21917
DB00246	P08908
DB00246	P28222
DB00246	P28221
DB00246	P28566
DB00246	P28335
DB00246	P46098
DB00246	P50406
DB00246	P34969
DB00246	P35367
DB00246	P35348
DB00246	P35368
DB00246	P08913
DB00246	P18089
DB00246	P18825
DB00246	P11229
DB00246	P08172
DB00246	P20309
DB00246	P08173
DB00246	P08912
DB00246	P08684
DB00246	P20815
DB00246	P24462
DB00246	P05177
DB00246	P10635
DB00255	P03372
DB00255	P62508
DB00255	Q92731
DB00255	P21964
DB00255	P11511
DB00255	P11509
DB00255	P08684
DB00255	P10632
DB00255	P11712
DB00255	P05181
DB00261	Q14432
DB00261	P05177
DB00269	P03372
DB00269	P11511
DB00270	Q13936
DB00270	P54289
DB00270	Q08289
DB00270	O95180
DB00270	Q9NY47
DB00270	Q01668
DB00270	Q13698
DB00270	P08684
DB00273	P14867
DB00273	P35498
DB00273	P39086
DB00273	P00918
DB00273	P22748
DB00273	P14867
DB00273	P47869
DB00273	P34903
DB00273	P48169
DB00273	P31644
DB00273	Q16445
DB00273	P18505
DB00273	P47870
DB00273	P28472
DB00273	O14764
DB00273	P78334
DB00273	Q8N1C3
DB00273	P18507
DB00273	Q99928
DB00273	O00591
DB00273	Q9UN88
DB00273	P33261
DB00273	P08684
DB00277	P30542
DB00277	P29274
DB00277	P29275
DB00277	Q07343
DB00277	O76074
DB00277	P27815
DB00277	Q14432
DB00277	Q92769
DB00277	P08684
DB00277	P05177
DB00277	P00813
DB00277	P05181
DB00277	P04798
DB00277	Q16678
DB00277	P10632
DB00277	P11712
DB00277	P10635
DB00280	Q14524
DB00280	P11229
DB00280	P08172
DB00280	P20309
DB00280	Q9NZV8
DB00280	Q9UK17
DB00280	P08684
DB00286	P03372
DB00286	P08684
DB00286	P05177
DB00286	P21964
DB00289	P23975
DB00289	P31645
DB00289	Q01959
DB00289	Q05586
DB00289	Q12879
DB00289	Q13224
DB00289	Q14957
DB00289	O15399
DB00289	Q8TCU5
DB00289	O60391
DB00289	P10635
DB00289	P33261
DB00289	P08684
DB00292	P14867
DB00292	P18089
DB00292	P14867
DB00292	P47869
DB00292	P34903
DB00292	P48169
DB00292	P31644
DB00292	Q16445
DB00292	P18505
DB00292	P47870
DB00292	P28472
DB00292	O14764
DB00292	P78334
DB00292	Q8N1C3
DB00292	P18507
DB00292	Q99928
DB00292	O00591
DB00292	Q9UN88
DB00292	P15538
DB00292	P19099
DB00292	P11511
DB00294	P06401
DB00294	P03372
DB00294	P08684
DB00304	P06401
DB00304	P03372
DB00306	P14867
DB00306	P47869
DB00306	P34903
DB00306	P48169
DB00306	P31644
DB00306	Q16445
DB00306	P43681
DB00306	P36544
DB00306	P42262
DB00306	Q13002
DB00306	P14867
DB00306	P47869
DB00306	P34903
DB00306	P48169
DB00306	P31644
DB00306	Q16445
DB00306	P18505
DB00306	P47870
DB00306	P28472
DB00306	O14764
DB00306	P78334
DB00306	Q8N1C3
DB00306	P18507
DB00306	Q99928
DB00306	O00591
DB00306	Q9UN88
DB00308	Q13936
DB00308	Q02641
DB00308	Q12809
DB00308	P54289
DB00308	Q06432
DB00308	O00180
DB00308	Q9Y257
DB00308	Q9H252
DB00308	Q9NS40
DB00308	Q14654
DB00312	P14867
DB00312	P47869
DB00312	P34903
DB00312	P48169
DB00312	P31644
DB00312	Q16445
DB00312	P43681
DB00312	P36544
DB00312	P42262
DB00312	Q13002
DB00312	P14867
DB00312	P47869
DB00312	P34903
DB00312	P48169
DB00312	P31644
DB00312	Q16445
DB00312	P18505
DB00312	P47870
DB00312	P28472
DB00312	O14764
DB00312	P78334
DB00312	Q8N1C3
DB00312	P18507
DB00312	Q99928
DB00312	O00591
DB00312	Q9UN88
DB00312	Q05586
DB00312	Q12879
DB00312	Q13224
DB00312	Q14957
DB00312	O15399
DB00312	Q8TCU5
DB00312	O60391
DB00312	P08684
DB00312	P33261
DB00312	P11509
DB00313	Q9UKV0
DB00313	P80404
DB00313	P45954
DB00313	Q02218
DB00313	P51649
DB00313	P35498
DB00313	Q9Y5Y9
DB00313	Q9UI33
DB00313	Q99250
DB00313	Q9NY46
DB00313	P35499
DB00313	Q14524
DB00313	Q01118
DB00313	Q9UQD0
DB00313	Q15858
DB00313	Q07699
DB00313	O60939
DB00313	Q9NY72
DB00313	Q8IWT1
DB00313	Q92769
DB00313	P11509
DB00313	P20813
DB00313	P11712
DB00313	P20815
DB00313	P23219
DB00313	P05177
DB00313	P33260
DB00313	P33261
DB00313	P10632
DB00313	P08684
DB00313	P22310
DB00313	Q9HAW9
DB00313	Q9HAW8
DB00313	P19224
DB00313	P35503
DB00313	P16662
DB00313	P54855
DB00313	O60656
DB00321	P23975
DB00321	P31645
DB00321	P28223
DB00321	P08908
DB00321	P41143
DB00321	P41145
DB00321	P04629
DB00321	Q16620
DB00321	P35348
DB00321	P25100
DB00321	P08913
DB00321	P35367
DB00321	P11229
DB00321	P08172
DB00321	P20309
DB00321	P08173
DB00321	P08912
DB00321	O43526
DB00321	Q09470
DB00321	Q9NZV8
DB00321	Q9UK17
DB00321	P25021
DB00321	Q9H3N8
DB00321	Q99720
DB00321	P28335
DB00321	P35368
DB00321	P34969
DB00321	P28221
DB00321	P35372
DB00321	P28222
DB00321	P50406
DB00321	O43525
DB00321	P08588
DB00321	P07550
DB00321	P13945
DB00321	P10635
DB00321	P05177
DB00321	P33261
DB00321	P11712
DB00321	P08684
DB00321	P20815
DB00321	P20813
DB00321	P10632
DB00321	P05181
DB00332	P11229
DB00332	P08172
DB00332	P20309
DB00332	P10635
DB00332	P08684
DB00334	P28223
DB00334	P14416
DB00334	P21728
DB00334	P21918
DB00334	P35462
DB00334	P21917
DB00334	P08908
DB00334	P28222
DB00334	P28221
DB00334	P28566
DB00334	P28335
DB00334	P46098
DB00334	P50406
DB00334	P34969
DB00334	P35367
DB00334	P35348
DB00334	P35368
DB00334	P08913
DB00334	P18089
DB00334	P18825
DB00334	P11229
DB00334	P08172
DB00334	P20309
DB00334	P08173
DB00334	P08912
DB00334	P41595
DB00334	P47898
DB00334	P21728
DB00334	P21918
DB00334	P25021
DB00334	Q9H3N8
DB00334	P14867
DB00334	P47869
DB00334	P34903
DB00334	P48169
DB00334	P31644
DB00334	Q16445
DB00334	P18505
DB00334	P47870
DB00334	P28472
DB00334	O14764
DB00334	P78334
DB00334	Q8N1C3
DB00334	P18507
DB00334	Q99928
DB00334	O00591
DB00334	Q9UN88
DB00334	P08588
DB00334	P07550
DB00334	P13945
DB00334	P05177
DB00334	P10635
DB00334	P31513
DB00334	P33261
DB00334	P11712
DB00334	P08684
DB00340	P11229
DB00340	P08173
DB00340	P08912
DB00340	P08172
DB00340	P20309
DB00342	P35367
DB00342	Q12809
DB00342	P20309
DB00342	P11229
DB00342	P08912
DB00342	P08173
DB00342	P08172
DB00342	P08684
DB00342	P24462
DB00342	P10635
DB00342	P11712
DB00342	P20815
DB00342	P10632
DB00342	P51589
DB00349	P14867
DB00349	P47869
DB00349	P34903
DB00349	P48169
DB00349	P31644
DB00349	Q16445
DB00349	P18505
DB00349	P47870
DB00349	P28472
DB00349	O14764
DB00349	P78334
DB00349	Q8N1C3
DB00349	P18507
DB00349	Q99928
DB00349	O00591
DB00349	Q9UN88
DB00349	P08684
DB00349	P33261
DB00349	P20813
DB00349	P33260
DB00349	P10635
DB00363	P14416
DB00363	P28223
DB00363	P21728
DB00363	P35462
DB00363	P21917
DB00363	P08908
DB00363	P28222
DB00363	P28221
DB00363	P28566
DB00363	P28335
DB00363	P46098
DB00363	P50406
DB00363	P34969
DB00363	P35367
DB00363	Q9H3N8
DB00363	P35348
DB00363	P35368
DB00363	P08913
DB00363	P18089
DB00363	P18825
DB00363	P11229
DB00363	P08172
DB00363	P20309
DB00363	P08173
DB00363	P08912
DB00363	Q9NYX4
DB00363	P05177
DB00363	P10635
DB00363	P11712
DB00363	P08684
DB00363	P33261
DB00363	P11509
DB00363	P10632
DB00363	P31513
DB00363	P22310
DB00363	P05181
DB00363	P04798
DB00363	Q16678
DB00367	P06401
DB00367	P18405
DB00367	P03372
DB00367	P10275
DB00367	P08684
DB00367	P11511
DB00371	P14867
DB00371	P47869
DB00371	P34903
DB00371	P48169
DB00371	P31644
DB00371	Q16445
DB00371	P14867
DB00371	P47869
DB00371	P34903
DB00371	P48169
DB00371	P31644
DB00371	Q16445
DB00371	P18505
DB00371	P47870
DB00371	P28472
DB00371	O14764
DB00371	P78334
DB00371	Q8N1C3
DB00371	P18507
DB00371	Q99928
DB00371	O00591
DB00371	Q9UN88
DB00371	P33261
DB00371	P05181
DB00376	P11229
DB00376	P08172
DB00376	P20309
DB00376	P08173
DB00376	P08912
DB00381	Q13936
DB00381	P54289
DB00381	Q08289
DB00381	Q01668
DB00381	Q13698
DB00381	Q00975
DB00381	Q8IZS8
DB00381	Q6TME4
DB00381	P00915
DB00381	P17405
DB00381	P08684
DB00381	P20815
DB00381	P24462
DB00381	P05177
DB00381	P04798
DB00381	P20813
DB00381	P11509
DB00381	P10632
DB00381	P11712
DB00381	P10635
DB00383	P20309
DB00383	P11229
DB00383	P08172
DB00387	P11229
DB00387	P08172
DB00387	P08173
DB00387	P20309
DB00393	Q13936
DB00393	Q01668
DB00393	O60840
DB00393	Q13698
DB00393	Q02641
DB00393	Q08289
DB00393	P54284
DB00393	O00305
DB00393	P08235
DB00393	P35869
DB00393	P08684
DB00393	P20815
DB00396	P06401
DB00396	P03372
DB00396	P08235
DB00396	P05093
DB00396	P41145
DB00396	P20815
DB00396	P11712
DB00396	P24462
DB00396	P33261
DB00396	P08684
DB00396	P05093
DB00396	P04798
DB00396	P05177
DB00396	Q16678
DB00396	P11509
DB00396	P10632
DB00396	P10635
DB00401	Q13936
DB00401	P54289
DB00401	Q08289
DB00401	Q01668
DB00401	Q13698
DB00401	P08684
DB00401	P20815
DB00401	P24462
DB00401	P05177
DB00402	P14867
DB00402	P47869
DB00402	P34903
DB00402	P31644
DB00402	P30536
DB00402	P14867
DB00402	P47869
DB00402	P34903
DB00402	P48169
DB00402	P31644
DB00402	Q16445
DB00402	P18505
DB00402	P47870
DB00402	P28472
DB00402	O14764
DB00402	P78334
DB00402	Q8N1C3
DB00402	P18507
DB00402	Q99928
DB00402	O00591
DB00402	Q9UN88
DB00402	P08684
DB00402	P10632
DB00402	P11712
DB00402	P23219
DB00404	P14867
DB00404	P47869
DB00404	P34903
DB00404	P48169
DB00404	P31644
DB00404	Q16445
DB00404	P18505
DB00404	P47870
DB00404	P28472
DB00404	O14764
DB00404	P78334
DB00404	Q8N1C3
DB00404	P18507
DB00404	Q99928
DB00404	O00591
DB00404	Q9UN88
DB00404	P11712
DB00404	P24462
DB00404	P08684
DB00404	P20815
DB00408	P14416
DB00408	P21728
DB00408	P28223
DB00408	P28335
DB00408	P08908
DB00408	P28222
DB00408	P28221
DB00408	P28566
DB00408	P46098
DB00408	P47898
DB00408	P50406
DB00408	P34969
DB00408	P35348
DB00408	P35368
DB00408	P08913
DB00408	P18089
DB00408	P18825
DB00408	P08588
DB00408	P11229
DB00408	P08172
DB00408	P20309
DB00408	P08173
DB00408	P08912
DB00408	P21728
DB00408	P21918
DB00408	P35462
DB00408	P21917
DB00408	P21918
DB00408	P35367
DB00408	P25021
DB00408	Q9H3N8
DB00408	P31645
DB00408	P23975
DB00408	Q01959
DB00418	P14867
DB00418	P47869
DB00418	P34903
DB00418	P48169
DB00418	P31644
DB00418	Q16445
DB00418	P43681
DB00418	P36544
DB00418	P42262
DB00418	Q13002
DB00418	Q05586
DB00418	Q12879
DB00418	Q13224
DB00418	Q14957
DB00418	O15399
DB00418	Q8TCU5
DB00418	O60391
DB00418	P11712
DB00418	P10632
DB00418	P05177
DB00420	P14416
DB00420	P28223
DB00420	P28335
DB00420	P21728
DB00420	P21917
DB00420	P08173
DB00420	P08172
DB00420	P20309
DB00420	P11229
DB00420	P35368
DB00420	P08912
DB00420	P35348
DB00420	P35367
DB00420	P25100
DB00420	P33261
DB00420	P05177
DB00420	P08684
DB00420	P11712
DB00421	P08235
DB00421	P10275
DB00421	P06401
DB00421	P04150
DB00421	P19099
DB00421	P18405
DB00421	P31213
DB00421	Q9H8P0
DB00421	P04278
DB00421	Q06432
DB00421	P54289
DB00421	Q9NY47
DB00421	Q8IZS8
DB00421	Q13936
DB00421	Q01668
DB00421	O60840
DB00421	Q13698
DB00421	Q6TME4
DB00421	Q02641
DB00421	Q08289
DB00421	P54284
DB00421	O00305
DB00421	Q00975
DB00421	O00555
DB00421	O43497
DB00421	O95180
DB00421	Q9P0X4
DB00421	P10632
DB00421	P15538
DB00424	P11229
DB00424	P08172
DB00424	P20309
DB00424	P08173
DB00431	P18505
DB00431	P23415
DB00431	P23416
DB00431	O75311
DB00431	P48167
DB00434	P35367
DB00434	P28223
DB00434	P28335
DB00434	P11229
DB00434	P08172
DB00434	P20309
DB00434	P35503
DB00435	P33402
DB00435	P05091
DB00435	P05177
DB00435	P20813
DB00435	P08684
DB00454	P41145
DB00454	Q05586
DB00454	Q13224
DB00454	Q12879
DB00454	Q14957
DB00454	O15399
DB00454	P11229
DB00454	P08172
DB00454	P20309
DB00454	P08173
DB00454	P08912
DB00454	P35372
DB00454	Q01959
DB00454	P23975
DB00454	P31645
DB00454	P08684
DB00454	P33261
DB00454	P20813
DB00454	P10635
DB00457	P35348
DB00457	P35368
DB00457	P25100
DB00457	Q12809
DB00457	Q9H252
DB00457	Q9NS40
DB00457	P08913
DB00457	P18089
DB00457	P04798
DB00458	P23975
DB00458	P31645
DB00458	P28223
DB00458	P35367
DB00458	P35348
DB00458	P25100
DB00458	P11229
DB00458	P08172
DB00458	P20309
DB00458	P08173
DB00458	P08912
DB00458	Q9NZV8
DB00458	Q9UK17
DB00458	P28335
DB00458	P35368
DB00458	P34969
DB00458	P21728
DB00458	P21918
DB00458	P14416
DB00458	Q12809
DB00458	Q01959
DB00458	P08908
DB00458	P50406
DB00458	P10635
DB00458	P33261
DB00458	P05177
DB00458	P08684
DB00458	P24462
DB00458	P20813
DB00458	P33260
DB00458	P05181
DB00462	P11229
DB00462	P08172
DB00462	P20309
DB00463	P14867
DB00463	P47869
DB00463	P34903
DB00463	P48169
DB00463	P31644
DB00463	Q16445
DB00463	P43681
DB00463	P36544
DB00463	P42262
DB00463	Q13002
DB00463	P14867
DB00463	P47869
DB00463	P34903
DB00463	P48169
DB00463	P31644
DB00463	Q16445
DB00463	P18505
DB00463	P47870
DB00463	P28472
DB00463	O14764
DB00463	P78334
DB00463	Q8N1C3
DB00463	P18507
DB00463	Q99928
DB00463	O00591
DB00463	Q9UN88
DB00475	P14867
DB00475	P47869
DB00475	P34903
DB00475	P48169
DB00475	P31644
DB00475	Q16445
DB00475	P18505
DB00475	P47870
DB00475	P28472
DB00475	O14764
DB00475	P78334
DB00475	Q8N1C3
DB00475	P18507
DB00475	Q99928
DB00475	O00591
DB00475	Q9UN88
DB00475	P08684
DB00475	P10635
DB00477	P14416
DB00477	P21728
DB00477	P28223
DB00477	P08908
DB00477	P35348
DB00477	P35368
DB00477	P35367
DB00477	Q12809
DB00477	P21728
DB00477	P21918
DB00477	P35462
DB00477	P21917
DB00477	P21918
DB00477	P28335
DB00477	P28223
DB00477	P41595
DB00477	P28335
DB00477	P35348
DB00477	P35368
DB00477	P25100
DB00477	P08913
DB00477	P18089
DB00477	P18825
DB00477	P11229
DB00477	P20309
DB00477	P17405
DB00477	P62158
DB00477	P02763
DB00477	P19652
DB00477	P50406
DB00477	P34969
DB00477	Q9H3N8
DB00477	P10635
DB00477	P05177
DB00477	P08684
DB00477	P05181
DB00477	P06276
DB00481	P03372
DB00481	Q92731
DB00481	P20813
DB00481	P10632
DB00481	Q06278
DB00481	P11511
DB00481	P08684
DB00496	P20309
DB00496	P11229
DB00496	P08172
DB00496	P08173
DB00496	P08912
DB00496	P08684
DB00496	P10635
DB00505	P20309
DB00505	P11229
DB00505	P08172
DB00517	P11229
DB00517	P08172
DB00517	P20309
DB00539	P03372
DB00539	P08684
DB00539	P04798
DB00539	P05177
DB00540	P23975
DB00540	P31645
DB00540	P28223
DB00540	P08908
DB00540	P35367
DB00540	P35348
DB00540	P25100
DB00540	P11229
DB00540	P08172
DB00540	P20309
DB00540	P08173
DB00540	P08912
DB00540	P28335
DB00540	P50406
DB00540	P35368
DB00540	P08913
DB00540	P18089
DB00540	P18825
DB00540	P08588
DB00540	P07550
DB00540	P13945
DB00540	P14416
DB00540	O00264
DB00540	Q99720
DB00540	P08909
DB00540	P10635
DB00540	P08684
DB00540	P05177
DB00540	P33261
DB00540	P11712
DB00540	P20815
DB00540	P23219
DB00540	P05181
DB00543	P23975
DB00543	P31645
DB00543	P14416
DB00543	P21728
DB00543	P08913
DB00543	P35348
DB00543	P11229
DB00543	P14867
DB00543	P28223
DB00543	P28335
DB00543	P50406
DB00543	P34969
DB00543	P35462
DB00543	P21917
DB00543	P35367
DB00543	P35348
DB00543	P35368
DB00543	P25100
DB00543	P11229
DB00543	P08172
DB00543	P20309
DB00543	P08173
DB00543	P08912
DB00543	P41595
DB00543	P46098
DB00543	P08908
DB00543	P28222
DB00543	P08913
DB00543	P18089
DB00543	P18825
DB00543	Q9H3N8
DB00543	P14867
DB00543	P47869
DB00543	P34903
DB00543	P48169
DB00543	P31644
DB00543	Q16445
DB00543	P18505
DB00543	P47870
DB00543	P28472
DB00543	O14764
DB00543	P78334
DB00543	Q8N1C3
DB00543	P18507
DB00543	Q99928
DB00543	O00591
DB00543	Q9UN88
DB00543	Q01959
DB00543	P10635
DB00544	P04818
DB00544	P11712
DB00544	P05177
DB00544	P19971
DB00544	Q12882
DB00544	Q16831
DB00544	O95045
DB00544	P11509
DB00544	P10632
DB00544	P42898
DB00544	P04818
DB00544	P11172
DB00544	Q06203
DB00546	P14867
DB00546	P47869
DB00546	P34903
DB00546	P31644
DB00546	Q8N1C3
DB00546	P18507
DB00546	Q99928
DB00546	P18505
DB00546	P47870
DB00546	P28472
DB00546	O14764
DB00546	P78334
DB00546	O00591
DB00546	P24046
DB00546	P28476
DB00546	A8MPY1
DB00546	P33261
DB00546	P08684
DB00568	P35367
DB00568	Q13936
DB00568	Q01668
DB00568	O60840
DB00568	Q13698
DB00568	O43497
DB00568	O95180
DB00568	Q9P0X4
DB00568	P14416
DB00568	P21728
DB00568	P21918
DB00568	P11229
DB00568	P08172
DB00568	P20309
DB00568	P08173
DB00568	P08912
DB00568	P10635
DB00568	P11712
DB00568	P05177
DB00568	P20813
DB00568	P11509
DB00568	P04798
DB00572	P11229
DB00572	P08172
DB00572	P20309
DB00572	P08173
DB00572	P08912
DB00572	P05177
DB00586	P35354
DB00586	P23219
DB00586	P09917
DB00586	P35499
DB00586	P78348
DB00586	O43526
DB00586	O43525
DB00586	P14555
DB00586	P11712
DB00586	P33261
DB00586	P05177
DB00586	P10632
DB00586	P22309
DB00586	P16662
DB00586	P23219
DB00586	P08684
DB00586	P04798
DB00586	P20813
DB00586	P33260
DB00586	P05181
DB00590	P35348
DB00590	P35368
DB00590	P25100
DB00590	Q12809
DB00590	Q9H252
DB00590	Q9NS40
DB00590	P33261
DB00590	P10635
DB00592	P28472
DB00592	P10635
DB00594	P37088
DB00594	P51168
DB00594	P51170
DB00594	P51172
DB00594	P19801
DB00594	Q16515
DB00594	P78348
DB00594	P19634
DB00594	P00749
DB00594	P19801
DB00594	Q9TRC7
DB00599	P14867
DB00599	P47869
DB00599	P34903
DB00599	P48169
DB00599	P31644
DB00599	Q16445
DB00599	P43681
DB00599	P36544
DB00599	P42262
DB00599	Q13002
DB00599	O00519
DB00599	P05181
DB00599	P08684
DB00602	O75311
DB00602	P28472
DB00602	P08684
DB00603	P06401
DB00603	P03372
DB00603	P08684
DB00603	P10632
DB00603	P26439
DB00603	P11712
DB00622	Q13936
DB00622	Q08289
DB00622	Q01668
DB00622	P54289
DB00622	P54750
DB00622	Q01064
DB00622	P35348
DB00622	P35368
DB00622	P25100
DB00622	P11229
DB00622	P08172
DB00622	P20309
DB00622	P08173
DB00622	P08912
DB00622	P62158
DB00622	P08684
DB00622	P10635
DB00622	P11712
DB00622	P33261
DB00622	P10632
DB00622	P20813
DB00622	P05181
DB00622	P20815
DB00628	P14867
DB00628	P47869
DB00628	P34903
DB00628	P48169
DB00628	P31644
DB00628	Q16445
DB00628	P18505
DB00628	P47870
DB00628	P28472
DB00628	O14764
DB00628	P78334
DB00628	Q8N1C3
DB00628	P18507
DB00628	Q99928
DB00628	O00591
DB00628	Q9UN88
DB00628	P30536
DB00628	P08684
DB00651	Q07343
DB00651	P27815
DB00651	Q08493
DB00651	Q08499
DB00651	P30542
DB00651	P29274
DB00651	Q13946
DB00651	Q9NP56
DB00653	Q06432
DB00653	P54289
DB00653	Q13936
DB00653	Q02641
DB00653	Q08289
DB00653	Q13698
DB00655	P03372
DB00655	P04798
DB00655	P05177
DB00655	P08684
DB00655	Q16678
DB00655	P20813
DB00655	P11712
DB00655	P05181
DB00655	P20815
DB00655	Q02928
DB00659	P14867
DB00659	P47869
DB00659	P34903
DB00659	P48169
DB00659	P31644
DB00659	Q16445
DB00659	P18505
DB00659	P47870
DB00659	P28472
DB00659	O14764
DB00659	P78334
DB00659	Q8N1C3
DB00659	P18507
DB00659	Q99928
DB00659	O00591
DB00659	Q9UN88
DB00659	Q05586
DB00659	Q12879
DB00659	Q13224
DB00659	Q14957
DB00659	O15399
DB00659	Q8TCU5
DB00659	O60391
DB00659	P41594
DB00661	Q13936
DB00661	Q01668
DB00661	O60840
DB00661	Q13698
DB00661	Q02641
DB00661	Q08289
DB00661	P54284
DB00661	O00305
DB00661	Q9P0X4
DB00661	O43497
DB00661	Q00975
DB00661	O00555
DB00661	Q12809
DB00661	Q14524
DB00661	Q14654
DB00661	P31645
DB00661	P08684
DB00661	P20815
DB00661	P24462
DB00661	P05177
DB00661	P11712
DB00661	P10632
DB00661	P33261
DB00661	P33260
DB00661	P20813
DB00661	P10635
DB00675	P03372
DB00675	Q92731
DB00675	Q15125
DB00675	P17252
DB00675	P05771
DB00675	Q05655
DB00675	Q02156
DB00675	P05129
DB00675	P41743
DB00675	Q04759
DB00675	Q05513
DB00675	P10635
DB00675	P08684
DB00675	P20815
DB00675	P24462
DB00675	P11712
DB00675	P33261
DB00675	P20813
DB00675	P04798
DB00675	P05177
DB00675	Q16678
DB00675	Q01740
DB00675	P31513
DB00675	P10632
DB00675	P23141
DB00675	P11511
DB00675	P11509
DB00675	P05181
DB00675	P22310
DB00675	P50225
DB00683	P14867
DB00683	P47869
DB00683	P34903
DB00683	P48169
DB00683	P31644
DB00683	P18505
DB00683	P28472
DB00683	P47870
DB00683	Q16445
DB00683	Q8N1C3
DB00683	P18507
DB00683	Q99928
DB00683	O14764
DB00683	P78334
DB00683	O00591
DB00683	P24046
DB00683	P28476
DB00683	A8MPY1
DB00683	Q9UN88
DB00683	P08684
DB00683	P20815
DB00683	P24462
DB00683	P20813
DB00683	P13584
DB00683	P22310
DB00683	P05181
DB00690	P14867
DB00690	P47869
DB00690	P34903
DB00690	P48169
DB00690	P31644
DB00690	Q16445
DB00690	P18505
DB00690	P47870
DB00690	P28472
DB00690	Q8N1C3
DB00690	P18507
DB00690	Q99928
DB00690	O14764
DB00690	P78334
DB00690	O00591
DB00690	P24046
DB00690	P28476
DB00690	A8MPY1
DB00690	Q9UN88
DB00690	P05181
DB00690	P11509
DB00690	P08684
DB00715	P31645
DB00715	P23975
DB00715	P28223
DB00715	P11229
DB00715	P08172
DB00715	P20309
DB00715	P08173
DB00715	P08912
DB00715	P10635
DB00715	P11712
DB00715	P20813
DB00715	P10632
DB00721	Q9Y5Y9
DB00721	Q8TCU5
DB00721	P46098
DB00721	Q01959
DB00721	Q15822
DB00721	Q12791
DB00721	Q16558
DB00721	Q9Y691
DB00721	Q9NPA1
DB00721	Q86W47
DB00721	O15554
DB00721	Q92952
DB00721	Q9H2S1
DB00721	Q9UGI6
DB00721	P21397
DB00721	P27338
DB00721	P06276
DB00725	P08172
DB00725	P11229
DB00725	P08173
DB00725	P08912
DB00725	P20309
DB00726	P31645
DB00726	P23975
DB00726	Q01959
DB00726	P28223
DB00726	P08908
DB00726	P35348
DB00726	P35368
DB00726	P14416
DB00726	P18089
DB00726	P35367
DB00726	P28335
DB00726	P46098
DB00726	P28221
DB00726	P08913
DB00726	P21728
DB00726	P21918
DB00726	P08588
DB00726	P07550
DB00726	P13945
DB00726	P11229
DB00726	P08172
DB00726	P20309
DB00726	P08173
DB00726	P08912
DB00726	P08909
DB00726	P08684
DB00726	P10635
DB00726	P33261
DB00726	P11712
DB00729	P20309
DB00747	P11229
DB00747	P14410
DB00747	P08172
DB00747	P20309
DB00747	P08173
DB00747	P08912
DB00753	P14867
DB00753	P98194
DB00753	P23415
DB00753	P42261
DB00753	Q09470
DB00753	P30049
DB00753	P62158
DB00753	P14867
DB00753	P47869
DB00753	P34903
DB00753	P48169
DB00753	P31644
DB00753	Q16445
DB00753	P18505
DB00753	P47870
DB00753	P28472
DB00753	O14764
DB00753	P78334
DB00753	Q8N1C3
DB00753	P18507
DB00753	Q99928
DB00753	O00591
DB00753	Q9UN88
DB00753	P05181
DB00753	P20813
DB00753	P03886
DB00767	P35367
DB00767	P08173
DB00767	P11229
DB00767	P08912
DB00767	P08172
DB00767	P20309
DB00777	P35367
DB00777	P28223
DB00777	P28335
DB00777	P14416
DB00777	P21728
DB00777	P21917
DB00777	P35348
DB00777	P35368
DB00777	P25100
DB00777	P20309
DB00777	P08912
DB00777	P08172
DB00777	P08173
DB00777	P11229
DB00783	P03372
DB00783	Q92731
DB00783	O75469
DB00783	P08684
DB00783	P05177
DB00783	P20815
DB00783	P24462
DB00783	P22309
DB00783	P04798
DB00783	Q16678
DB00783	P33261
DB00783	P10632
DB00783	P11712
DB00785	P08172
DB00785	P11229
DB00785	P20309
DB00785	P08173
DB00785	P08912
DB00786	P03956
DB00786	P08253
DB00786	P08254
DB00786	P09237
DB00786	P22894
DB00786	P14780
DB00786	P09238
DB00786	P24347
DB00786	P39900
DB00786	P45452
DB00786	P50281
DB00786	P51511
DB00786	P51512
DB00786	Q9ULZ9
DB00786	Q99542
DB00786	O60882
DB00786	Q8N119
DB00786	O75900
DB00786	Q9Y5R2
DB00786	Q9NPA2
DB00786	Q9NRE1
DB00786	Q9H306
DB00786	Q9H239
DB00794	P14867
DB00794	P47869
DB00794	P34903
DB00794	P48169
DB00794	P31644
DB00794	Q16445
DB00794	P43681
DB00794	P36544
DB00794	P42262
DB00794	Q13002
DB00794	P14867
DB00794	P47869
DB00794	P34903
DB00794	P48169
DB00794	P31644
DB00794	Q16445
DB00794	P18505
DB00794	P47870
DB00794	P28472
DB00794	O14764
DB00794	P78334
DB00794	Q8N1C3
DB00794	P18507
DB00794	Q99928
DB00794	O00591
DB00794	Q9UN88
DB00794	P33261
DB00794	P11712
DB00794	P08684
DB00794	P05177
DB00794	P20813
DB00794	P10632
DB00801	P14867
DB00801	P47869
DB00801	P34903
DB00801	P31644
DB00801	Q8N1C3
DB00801	P18507
DB00801	Q99928
DB00801	P18505
DB00801	P47870
DB00801	P28472
DB00801	O14764
DB00801	P78334
DB00801	O00591
DB00801	P24046
DB00801	P28476
DB00801	A8MPY1
DB00801	P14867
DB00801	P47869
DB00801	P34903
DB00801	P48169
DB00801	P31644
DB00801	Q16445
DB00801	P18505
DB00801	P47870
DB00801	P28472
DB00801	O14764
DB00801	P78334
DB00801	Q8N1C3
DB00801	P18507
DB00801	Q99928
DB00801	O00591
DB00801	Q9UN88
DB00806	Q07343
DB00806	P30542
DB00806	O76074
DB00806	P27815
DB00806	P29274
DB00806	P21589
DB00806	P05177
DB00809	P08173
DB00809	P11229
DB00809	P08172
DB00809	P20309
DB00818	P47870
DB00818	P28472
DB00818	P35499
DB00818	Q99250
DB00818	P14867
DB00818	P47869
DB00818	P34903
DB00818	P48169
DB00818	P31644
DB00818	Q16445
DB00818	P18505
DB00818	P47870
DB00818	P28472
DB00818	O14764
DB00818	P78334
DB00818	Q8N1C3
DB00818	P18507
DB00818	Q99928
DB00818	O00591
DB00818	Q9UN88
DB00818	P11712
DB00818	P20813
DB00818	Q9HAW9
DB00818	O60656
DB00818	P22309
DB00818	O00519
DB00818	P05181
DB00818	Q16678
DB00818	P04798
DB00818	P05177
DB00818	P11509
DB00818	P33260
DB00818	P33261
DB00818	P10632
DB00818	P10635
DB00818	P08684
DB00818	P19224
DB00820	O76074
DB00820	Q9HCR9
DB00820	P08684
DB00823	P06401
DB00823	P03372
DB00824	P27815
DB00824	Q07343
DB00824	P29275
DB00824	P30542
DB00824	P29274
DB00824	P0DMS8
DB00829	P14867
DB00829	P47869
DB00829	P34903
DB00829	P31644
DB00829	P18505
DB00829	P47870
DB00829	P28472
DB00829	Q8N1C3
DB00829	P18507
DB00829	Q99928
DB00829	O14764
DB00829	P78334
DB00829	O00591
DB00829	P24046
DB00829	P28476
DB00829	A8MPY1
DB00829	Q9UN88
DB00829	P30536
DB00829	P14867
DB00829	P47869
DB00829	P34903
DB00829	P48169
DB00829	P31644
DB00829	Q16445
DB00829	P18505
DB00829	P47870
DB00829	P28472
DB00829	O14764
DB00829	P78334
DB00829	Q8N1C3
DB00829	P18507
DB00829	Q99928
DB00829	O00591
DB00829	Q9UN88
DB00829	P08684
DB00829	P20815
DB00829	P24462
DB00829	P33261
DB00829	P11712
DB00829	P20813
DB00829	P05177
DB00829	P33260
DB00829	P10632
DB00829	P23219
DB00829	P05181
DB00835	P35367
DB00835	P11229
DB00835	P08172
DB00835	P20309
DB00835	P08173
DB00835	P08912
DB00835	P20813
DB00835	P33261
DB00835	P10632
DB00835	P11712
DB00835	P10635
DB00835	P05181
DB00835	P08684
DB00836	P35372
DB00836	P41143
DB00836	P41145
DB00836	O00555
DB00836	P01189
DB00836	P62158
DB00836	P08684
DB00836	P10632
DB00836	P20813
DB00836	P10635
DB00842	P14867
DB00842	P47869
DB00842	P34903
DB00842	P48169
DB00842	P31644
DB00842	Q16445
DB00842	P18505
DB00842	P47870
DB00842	P28472
DB00842	Q8N1C3
DB00842	P18507
DB00842	Q99928
DB00842	O14764
DB00842	P78334
DB00842	O00591
DB00842	P24046
DB00842	P28476
DB00842	A8MPY1
DB00842	Q9UN88
DB00842	P14867
DB00842	P47869
DB00842	P34903
DB00842	P48169
DB00842	P31644
DB00842	Q16445
DB00842	P18505
DB00842	P47870
DB00842	P28472
DB00842	O14764
DB00842	P78334
DB00842	Q8N1C3
DB00842	P18507
DB00842	Q99928
DB00842	O00591
DB00842	Q9UN88
DB00842	P08684
DB00842	Q9HB55
DB00842	P20815
DB00842	P24462
DB00842	P54855
DB00842	P16662
DB00842	O60656
DB00849	P14867
DB00849	P47869
DB00849	P34903
DB00849	P48169
DB00849	P31644
DB00849	Q16445
DB00849	P43681
DB00849	P36544
DB00849	P42262
DB00849	Q13002
DB00849	P33261
DB00849	P20813
DB00882	P03372
DB00882	P05108
DB00882	P11511
DB00882	P04798
DB00882	P05177
DB00882	P11509
DB00882	P05181
DB00882	P08684
DB00890	P03372
DB00897	P14867
DB00897	P47869
DB00897	P34903
DB00897	P48169
DB00897	P31644
DB00897	Q16445
DB00897	P18505
DB00897	P47870
DB00897	P28472
DB00897	Q8N1C3
DB00897	P18507
DB00897	Q99928
DB00897	O14764
DB00897	P78334
DB00897	O00591
DB00897	P24046
DB00897	P28476
DB00897	A8MPY1
DB00897	Q9UN88
DB00897	P30536
DB00897	P14867
DB00897	P47869
DB00897	P34903
DB00897	P48169
DB00897	P31644
DB00897	Q16445
DB00897	P18505
DB00897	P47870
DB00897	P28472
DB00897	O14764
DB00897	P78334
DB00897	Q8N1C3
DB00897	P18507
DB00897	Q99928
DB00897	O00591
DB00897	Q9UN88
DB00897	P08684
DB00897	P20815
DB00897	P24462
DB00897	P10632
DB00897	P11712
DB00898	P14867
DB00898	Q8TCU5
DB00898	P23415
DB00898	P23416
DB00898	Q02641
DB00898	P46098
DB00898	P47869
DB00898	Q9GZZ6
DB00898	Q13936
DB00898	P31644
DB00898	P48169
DB00898	P34903
DB00898	P42261
DB00898	Q06432
DB00898	Q15822
DB00898	Q16445
DB00898	P42262
DB00898	P48058
DB00898	P42263
DB00898	P43681
DB00898	P17787
DB00898	P48549
DB00898	P48051
DB00898	P19320
DB00898	Q99808
DB00898	P48544
DB00898	P36544
DB00898	Q9UGM1
DB00898	P18505
DB00898	P28472
DB00898	P47870
DB00898	Q13698
DB00898	Q01668
DB00898	P30926
DB00898	P32297
DB00898	P30532
DB00898	Q15825
DB00898	Q05901
DB00898	Q8N1C3
DB00898	Q99928
DB00898	P78334
DB00898	O00591
DB00898	Q9UN88
DB00898	O14764
DB00898	Q14542
DB00898	A5X5Y0
DB00898	O95264
DB00898	Q70Z44
DB00898	Q8WXA8
DB00898	Q9Y698
DB00898	Q92806
DB00898	P05181
DB00898	P04798
DB00898	P05177
DB00898	P20813
DB00898	P33261
DB00898	P11712
DB00898	P08684
DB00898	Q02928
DB00898	P07327
DB00898	P00325
DB00898	P00326
DB00898	P11766
DB00898	P08319
DB00898	P40394
DB00898	P28332
DB00898	P14550
DB00909	P35498
DB00909	Q99250
DB00909	Q9NY46
DB00909	P35499
DB00909	Q14524
DB00909	Q15858
DB00909	Q9UI33
DB00909	Q07699
DB00909	O60939
DB00909	Q9NY72
DB00909	Q8IWT1
DB00909	O43497
DB00909	O95180
DB00909	Q9P0X4
DB00909	P00915
DB00909	P00918
DB00909	P07451
DB00909	P22748
DB00909	P35218
DB00909	Q9Y2D0
DB00909	P23280
DB00909	P43166
DB00909	P35219
DB00909	Q16790
DB00909	Q9NS85
DB00909	O75493
DB00909	O43570
DB00909	Q8N1Q1
DB00909	Q9ULX7
DB00909	P27338
DB00909	P21397
DB00909	P08684
DB00909	Q06278
DB00909	P33261
DB00920	P35367
DB00920	P27815
DB00920	Q07343
DB00920	Q08499
DB00920	Q08493
DB00920	Q13946
DB00920	Q9NP56
DB00920	O60658
DB00920	O95263
DB00920	P52209
DB00922	P63316
DB00922	Q14654
DB00922	Q15842
DB00922	Q14432
DB00934	P23975
DB00934	P35367
DB00934	P11229
DB00934	P08172
DB00934	P20309
DB00934	P08173
DB00934	P08912
DB00934	P35348
DB00934	P35368
DB00934	P25100
DB00934	P28223
DB00934	P28335
DB00934	P34969
DB00934	P14416
DB00934	P08913
DB00934	P18089
DB00934	P18825
DB00934	P10635
DB00934	P05177
DB00939	P23219
DB00939	P35354
DB00939	P09917
DB00939	O43526
DB00939	O43525
DB00945	P23219
DB00945	P35354
DB00945	Q04828
DB00945	Q13131
DB00945	P54646
DB00945	Q9Y478
DB00945	O43741
DB00945	P54619
DB00945	Q9UGJ0
DB00945	Q9UGI9
DB00945	P25101
DB00945	O14920
DB00945	P04637
DB00945	P11021
DB00945	P51812
DB00945	P25963
DB00945	Q00653
DB00945	P19838
DB00945	P33261
DB00945	P10632
DB00945	P11712
DB00947	P03372
DB00947	P08684
DB00949	Q13224
DB00949	Q8TCU5
DB00949	Q12879
DB00949	P08684
DB00949	P33261
DB00949	P05181
DB00957	P06401
DB00957	P03372
DB00975	Q9Y233
DB00975	P00813
DB00975	O76074
DB00975	P27815
DB00977	P03372
DB00977	O75469
DB00977	P08684
DB00977	P10632
DB00986	P11229
DB00986	P20309
DB00986	P08172
DB00996	P54289
DB00996	Q9NY47
DB00996	Q00975
DB00996	P30542
DB00996	Q05586
DB00996	Q12879
DB00996	Q13224
DB00996	Q14957
DB00996	O15399
DB00996	Q8TCU5
DB00996	O60391
DB00996	P54687
DB01020	P33402
DB01020	P08684
DB01023	Q13936
DB01023	P54289
DB01023	Q08289
DB01023	Q01668
DB01023	Q13698
DB01023	O95180
DB01023	Q9NY47
DB01023	P62158
DB01023	Q01064
DB01023	P54750
DB01023	P08235
DB01023	P02585
DB01023	P63316
DB01023	P08684
DB01023	P20815
DB01023	P24462
DB01023	P10632
DB01023	P11712
DB01023	P10635
DB01028	P14867
DB01028	P42261
DB01028	P23415
DB01028	P98194
DB01028	Q09470
DB01028	P30049
DB01028	P03886
DB01028	P14867
DB01028	P47869
DB01028	P34903
DB01028	P48169
DB01028	P31644
DB01028	Q16445
DB01028	P18505
DB01028	P47870
DB01028	P28472
DB01028	O14764
DB01028	P78334
DB01028	Q8N1C3
DB01028	P18507
DB01028	Q99928
DB01028	O00591
DB01028	Q9UN88
DB01028	P05181
DB01028	P05177
DB01028	P11509
DB01028	P20813
DB01028	P11712
DB01028	P10635
DB01028	P08684
DB01036	P20309
DB01036	P08172
DB01036	P08912
DB01036	P11229
DB01036	P08173
DB01036	P08684
DB01036	P10635
DB01036	P11712
DB01036	P33261
DB01043	Q8TCU5
DB01043	Q12879
DB01043	Q13224
DB01043	P46098
DB01043	Q693P7
DB01043	P14416
DB01043	Q05586
DB01043	P20813
DB01043	P11509
DB01043	P33261
DB01045	P0A8V2
DB01045	P0A8T7
DB01045	O75469
DB01045	Q9Y6L6
DB01045	P46721
DB01045	Q9NPD5
DB01045	Q16850
DB01045	P02768
DB01045	O94956
DB01045	P11712
DB01045	P05177
DB01045	P10632
DB01045	P08684
DB01045	P20813
DB01045	P22309
DB01045	P33261
DB01045	P11509
DB01045	P05181
DB01045	Q9HB55
DB01045	P20815
DB01045	P24462
DB01045	Q02928
DB01049	P08913
DB01049	P18089
DB01049	P18825
DB01049	P35348
DB01049	P35368
DB01049	P25100
DB01049	O94956
DB01049	P08908
DB01049	P28222
DB01049	P28221
DB01049	P28566
DB01049	P30939
DB01049	P28223
DB01049	P41595
DB01049	P28335
DB01049	P46098
DB01049	O95264
DB01049	Q8WXA8
DB01049	Q70Z44
DB01049	A5X5Y0
DB01049	Q13639
DB01049	P50406
DB01049	P34969
DB01049	P21728
DB01049	P14416
DB01049	P14867
DB01049	P47869
DB01049	P34903
DB01049	P48169
DB01049	P31644
DB01049	Q16445
DB01049	P18505
DB01049	P47870
DB01049	P28472
DB01049	O14764
DB01049	P78334
DB01049	Q8N1C3
DB01049	P18507
DB01049	Q99928
DB01049	O00591
DB01049	Q9UN88
DB01049	P08684
DB01054	Q13936
DB01054	P54289
DB01054	Q08289
DB01054	Q06432
DB01054	Q01668
DB01054	Q13698
DB01054	Q9NY47
DB01054	O95180
DB01054	P08684
DB01054	P20815
DB01054	P24462
DB01062	P20309
DB01062	P08172
DB01062	P11229
DB01062	P08684
DB01062	P10632
DB01062	P10635
DB01062	P20815
DB01065	P48039
DB01065	P49286
DB01065	P03372
DB01065	Q92753
DB01065	P62158
DB01065	P05164
DB01065	P11678
DB01065	P27797
DB01065	P46597
DB01065	P16083
DB01065	P04798
DB01065	P05177
DB01065	Q16678
DB01065	P33261
DB01065	P11712
DB01065	P46597
DB01065	P14902
DB01065	P05164
DB01065	P11511
DB01068	P14867
DB01068	P47869
DB01068	P34903
DB01068	P48169
DB01068	P31644
DB01068	Q16445
DB01068	P18505
DB01068	P47870
DB01068	P28472
DB01068	O14764
DB01068	P78334
DB01068	Q8N1C3
DB01068	P18507
DB01068	Q99928
DB01068	O00591
DB01068	Q9UN88
DB01068	P30536
DB01068	P08684
DB01068	P05181
DB01068	P11245
DB01069	P35367
DB01069	P14416
DB01069	P11229
DB01069	P08172
DB01069	P20309
DB01069	P08173
DB01069	P08912
DB01069	P35348
DB01069	P28223
DB01069	P62158
DB01069	P10635
DB01069	P20813
DB01069	P11712
DB01085	P20309
DB01085	P11229
DB01085	P08172
DB01085	P11509
DB01085	P05181
DB01085	P08684
DB01088	P43119
DB01088	P34995
DB01088	P27815
DB01088	Q07343
DB01088	Q08493
DB01088	Q08499
DB01088	P00750
DB01101	P04818
DB01101	P19971
DB01101	P23141
DB01101	Q12882
DB01101	P32320
DB01101	P11712
DB01103	O60733
DB01103	P47712
DB01103	Q15111
DB01103	P50135
DB01103	P08684
DB01103	P20815
DB01107	P14867
DB01107	P14867
DB01107	P47869
DB01107	P34903
DB01107	P48169
DB01107	P31644
DB01107	Q16445
DB01107	P18505
DB01107	P47870
DB01107	P28472
DB01107	O14764
DB01107	P78334
DB01107	Q8N1C3
DB01107	P18507
DB01107	Q99928
DB01107	O00591
DB01107	Q9UN88
DB01107	P10635
DB01108	P14060
DB01108	P26439
DB01108	P03372
DB01108	Q92731
DB01110	P10613
DB01110	P29474
DB01110	P35228
DB01110	Q12791
DB01110	Q16558
DB01110	Q9Y691
DB01110	Q9NPA1
DB01110	Q86W47
DB01110	O15554
DB01110	Q92952
DB01110	Q9H2S1
DB01110	Q9UGI6
DB01110	Q12809
DB01110	Q9H252
DB01110	Q9NS40
DB01110	P08684
DB01110	P10635
DB01110	P11712
DB01110	P15538
DB01110	P11511
DB01110	P05177
DB01110	P11509
DB01110	P20813
DB01110	P33261
DB01110	P05181
DB01113	Q07343
DB01113	Q9Y233
DB01115	Q13936
DB01115	P54289
DB01115	Q08289
DB01115	Q01668
DB01115	Q13698
DB01115	P62158
DB01115	Q09470
DB01115	O95180
DB01115	P08684
DB01115	P20815
DB01115	P24462
DB01115	P05177
DB01115	P11509
DB01115	P10632
DB01115	P10635
DB01115	P05181
DB01115	P04798
DB01115	P20813
DB01115	P11712
DB01142	P35367
DB01142	P25021
DB01142	P23975
DB01142	P31645
DB01142	P28223
DB01142	P41595
DB01142	P28335
DB01142	P11229
DB01142	P08172
DB01142	P20309
DB01142	P08173
DB01142	P08912
DB01142	P35348
DB01142	P35368
DB01142	P25100
DB01142	P08908
DB01142	P08913
DB01142	P18089
DB01142	P18825
DB01142	P14416
DB01142	P50406
DB01142	Q9H3N8
DB01142	Q12809
DB01142	P10635
DB01142	P33261
DB01142	P11712
DB01142	P05177
DB01142	P08684
DB01151	P23975
DB01151	P31645
DB01151	P28223
DB01151	P07550
DB01151	P08588
DB01151	P17405
DB01151	P35367
DB01151	P35348
DB01151	P35368
DB01151	P25100
DB01151	P11229
DB01151	P08172
DB01151	P20309
DB01151	P08173
DB01151	P08912
DB01151	P08908
DB01151	P28335
DB01151	P14416
DB01151	P08913
DB01151	P18089
DB01151	P18825
DB01151	P10635
DB01151	P33261
DB01151	P33260
DB01151	P05177
DB01151	P08684
DB01151	P11509
DB01151	P20813
DB01151	P05181
DB01159	O14649
DB01159	Q9NPC2
DB01159	Q12791
DB01159	Q8TCU5
DB01159	O60391
DB01159	Q12879
DB01159	P23415
DB01159	P08100
DB01159	P48051
DB01159	P48549
DB01159	P03886
DB01159	O15554
DB01159	P30049
DB01159	P98194
DB01159	P14867
DB01159	P59768
DB01159	Q6W5P4
DB01159	P14867
DB01159	P47869
DB01159	P34903
DB01159	P48169
DB01159	P31644
DB01159	Q16445
DB01159	P18505
DB01159	P47870
DB01159	P28472
DB01159	O14764
DB01159	P78334
DB01159	Q8N1C3
DB01159	P18507
DB01159	Q99928
DB01159	O00591
DB01159	Q9UN88
DB01159	P05181
DB01159	P08684
DB01159	P11509
DB01159	P20813
DB01159	P11712
DB01159	P10635
DB01162	P35348
DB01162	P35368
DB01162	P25100
DB01162	Q12809
DB01162	Q9H252
DB01162	Q9NS40
DB01166	Q14432
DB01166	P20815
DB01166	P24462
DB01166	P33261
DB01166	P08684
DB01166	P05177
DB01166	P10635
DB01174	P14867
DB01174	P43681
DB01174	P36544
DB01174	P42262
DB01174	Q13002
DB01174	Q05586
DB01174	Q12879
DB01174	Q13224
DB01174	Q14957
DB01174	O15399
DB01174	Q8TCU5
DB01174	O60391
DB01174	P33261
DB01174	P11712
DB01174	P20813
DB01174	P10632
DB01174	P08684
DB01174	P05177
DB01174	P11509
DB01174	P05181
DB01174	P20815
DB01174	Q02928
DB01174	P04798
DB01174	Q16678
DB01174	P33260
DB01174	P24462
DB01174	P13584
DB01183	P35372
DB01183	P41143
DB01183	P41145
DB01183	P16220
DB01183	P03372
DB01183	O00206
DB01183	P10632
DB01183	P08684
DB01185	P10275
DB01185	P03372
DB01185	P16471
DB01185	P04150
DB01189	P14867
DB01189	P47869
DB01189	P34903
DB01189	P48169
DB01189	P31644
DB01189	Q16445
DB01189	P18505
DB01189	P47870
DB01189	P28472
DB01189	O14764
DB01189	P78334
DB01189	Q8N1C3
DB01189	P18507
DB01189	Q99928
DB01189	O00591
DB01189	Q9UN88
DB01189	P23415
DB01189	P42261
DB01189	Q09470
DB01189	P98194
DB01189	P30049
DB01189	P03886
DB01196	P11137
DB01196	P78559
DB01196	P03372
DB01196	Q92731
DB01196	P08684
DB01205	P14867
DB01205	P18507
DB01205	P31644
DB01205	P14867
DB01205	P47869
DB01205	P34903
DB01205	P48169
DB01205	P31644
DB01205	Q16445
DB01205	P18505
DB01205	P47870
DB01205	P28472
DB01205	O14764
DB01205	P78334
DB01205	Q8N1C3
DB01205	P18507
DB01205	Q99928
DB01205	O00591
DB01205	Q9UN88
DB01211	P0A7J6
DB01211	P08183
DB01211	Q12809
DB01211	P08684
DB01211	Q9Y6L6
DB01211	Q9NPD5
DB01211	P08684
DB01211	P20815
DB01211	P24462
DB01211	P33261
DB01211	P05177
DB01215	P14867
DB01215	P47869
DB01215	P34903
DB01215	P31644
DB01215	Q8N1C3
DB01215	P18507
DB01215	Q99928
DB01215	P18505
DB01215	P47870
DB01215	P28472
DB01215	O14764
DB01215	P78334
DB01215	O00591
DB01215	P24046
DB01215	P28476
DB01215	A8MPY1
DB01215	P14867
DB01215	P47869
DB01215	P34903
DB01215	P48169
DB01215	P31644
DB01215	Q16445
DB01215	P18505
DB01215	P47870
DB01215	P28472
DB01215	O14764
DB01215	P78334
DB01215	Q8N1C3
DB01215	P18507
DB01215	Q99928
DB01215	O00591
DB01215	Q9UN88
DB01215	P08684
DB01221	Q8TCU5
DB01221	P25103
DB01221	P14416
DB01221	P41143
DB01221	P23975
DB01221	P41145
DB01221	P35372
DB01221	P11229
DB01221	P08172
DB01221	P20309
DB01221	P08173
DB01221	P08912
DB01221	P28223
DB01221	P41595
DB01221	P28335
DB01221	P08908
DB01221	P28222
DB01221	P28221
DB01221	P28566
DB01221	P30939
DB01221	P11712
DB01221	P08684
DB01221	P20813
DB01221	P23219
DB01221	P10632
DB01223	Q14432
DB01223	P30542
DB01223	P0DMS8
DB01223	Q92769
DB01223	P05177
DB01223	P05181
DB01223	P08684
DB01224	P28223
DB01224	P14416
DB01224	P08908
DB01224	P28222
DB01224	P28221
DB01224	P28566
DB01224	P28335
DB01224	P46098
DB01224	P50406
DB01224	P34969
DB01224	P21728
DB01224	P21918
DB01224	P35462
DB01224	P21917
DB01224	P35367
DB01224	P35348
DB01224	P35368
DB01224	P25100
DB01224	P08913
DB01224	P18089
DB01224	P18825
DB01224	P11229
DB01224	P08172
DB01224	P20309
DB01224	P08173
DB01224	P08912
DB01224	P20815
DB01224	P24462
DB01224	P08684
DB01224	P33261
DB01224	P10635
DB01226	Q15822
DB01226	P08172
DB01226	P20309
DB01226	P06276
DB01231	P11229
DB01231	P20309
DB01231	P08172
DB01236	P14867
DB01236	P23415
DB01236	P42261
DB01236	Q09470
DB01236	P98194
DB01236	P30049
DB01236	P03886
DB01236	P14867
DB01236	P47869
DB01236	P34903
DB01236	P48169
DB01236	P31644
DB01236	Q16445
DB01236	P18505
DB01236	P47870
DB01236	P28472
DB01236	O14764
DB01236	P78334
DB01236	Q8N1C3
DB01236	P18507
DB01236	Q99928
DB01236	O00591
DB01236	Q9UN88
DB01236	P05181
DB01236	P11509
DB01236	P20813
DB01236	P08684
DB01238	P28223
DB01238	P14416
DB01238	P08908
DB01238	P28222
DB01238	P28221
DB01238	P28566
DB01238	P28335
DB01238	P46098
DB01238	P50406
DB01238	P34969
DB01238	P21728
DB01238	P21918
DB01238	P35462
DB01238	P21917
DB01238	P35367
DB01238	P35348
DB01238	P35368
DB01238	P08913
DB01238	P18089
DB01238	P18825
DB01238	P11229
DB01238	P08172
DB01238	P20309
DB01238	P08173
DB01238	P08912
DB01238	P20815
DB01238	P24462
DB01238	P10635
DB01238	P08684
DB01239	P14416
DB01239	P21728
DB01239	P35462
DB01239	P28223
DB01239	P41595
DB01239	P28335
DB01239	P35367
DB01239	P11229
DB01239	P08172
DB01239	P20309
DB01239	P08173
DB01239	P08912
DB01244	O00555
DB01244	O95180
DB01244	Q9NY47
DB01244	P05023
DB01244	P51787
DB01244	P63316
DB01244	P62158
DB01244	Q01064
DB01244	P54750
DB01244	P10635
DB01303	Q14432
DB01303	P27815
DB01303	P29274
DB01303	P30542
DB01303	Q92769
DB01303	P05177
DB01337	Q15822
DB01337	P08172
DB01337	P20309
DB01337	P06276
DB01338	Q15822
DB01338	P08172
DB01338	P20309
DB01338	P06276
DB01351	P14867
DB01351	P47869
DB01351	P34903
DB01351	P48169
DB01351	P31644
DB01351	Q16445
DB01351	P43681
DB01351	P36544
DB01351	P42262
DB01351	Q13002
DB01351	P11509
DB01352	P14867
DB01352	P47869
DB01352	P34903
DB01352	P48169
DB01352	P31644
DB01352	Q16445
DB01352	P43681
DB01352	P36544
DB01352	P42262
DB01352	Q13002
DB01353	P14867
DB01353	P47869
DB01353	P34903
DB01353	P48169
DB01353	P31644
DB01353	Q16445
DB01353	P43681
DB01353	P36544
DB01353	P42262
DB01353	Q13002
DB01354	P14867
DB01354	P47869
DB01354	P34903
DB01354	P48169
DB01354	P31644
DB01354	Q16445
DB01354	P43681
DB01354	P36544
DB01354	P42262
DB01354	Q13002
DB01355	P14867
DB01355	P47869
DB01355	P34903
DB01355	P48169
DB01355	P31644
DB01355	Q16445
DB01355	P43681
DB01355	P36544
DB01355	P42262
DB01355	Q13002
DB01355	P33261
DB01355	P11712
DB01355	P23219
DB01355	P05181
DB01355	P05177
DB01355	P08684
DB01357	P03372
DB01357	P11712
DB01373	Q13936
DB01373	P98194
DB01373	P02585
DB01373	P63316
DB01373	Q01082
DB01373	P04271
DB01373	P20810
DB01373	P49747
DB01373	P62158
DB01388	O43497
DB01388	O95180
DB01388	Q13936
DB01388	Q01668
DB01388	O60840
DB01388	Q9P0X4
DB01388	Q13698
DB01388	Q02641
DB01388	Q08289
DB01388	P54284
DB01388	O00305
DB01388	P08684
DB01388	P05177
DB01388	P10635
DB01388	P20815
DB01388	P24462
DB01388	P15538
DB01388	P19099
DB01388	P04798
DB01403	P14416
DB01403	P21728
DB01403	P21918
DB01403	P35462
DB01403	P21917
DB01403	P28223
DB01403	P28335
DB01403	P35367
DB01403	P11229
DB01403	P08172
DB01403	P20309
DB01403	P08173
DB01403	P08912
DB01403	P35348
DB01403	P35368
DB01403	P25100
DB01403	P08913
DB01403	P18089
DB01403	P18825
DB01403	P10635
DB01403	P05181
DB01403	P05177
DB01406	P03372
DB01406	P10275
DB01406	P06401
DB01406	P30968
DB01406	Q96P88
DB01406	P13500
DB01406	P11511
DB01406	P08684
DB01409	P20309
DB01409	P11229
DB01409	P08172
DB01409	P10635
DB01409	P08684
DB01412	P30542
DB01412	P29274
DB01412	Q07343
DB01412	P05177
DB01412	P05181
DB01427	Q14432
DB01427	Q07343
DB01427	P01375
DB01431	P06401
DB01431	P03372
DB01431	P08684
DB01437	P14867
DB01437	P14867
DB01437	P47869
DB01437	P34903
DB01437	P48169
DB01437	P31644
DB01437	Q16445
DB01437	P18505
DB01437	P47870
DB01437	P28472
DB01437	O14764
DB01437	P78334
DB01437	Q8N1C3
DB01437	P18507
DB01437	Q99928
DB01437	O00591
DB01437	Q9UN88
DB01437	P05108
DB01437	P10635
DB01440	Q9HAB3
DB01440	P18505
DB01483	P14867
DB01483	P47869
DB01483	P34903
DB01483	P48169
DB01483	P31644
DB01483	Q16445
DB01483	P43681
DB01483	P36544
DB01483	P42262
DB01483	Q13002
DB01496	P14867
DB01496	P47869
DB01496	P34903
DB01496	P48169
DB01496	P31644
DB01496	Q16445
DB01496	P43681
DB01496	P36544
DB01496	P42262
DB01496	Q13002
DB01520	Q8TCU5
DB01520	O60391
DB01520	Q12879
DB01520	Q14957
DB01520	Q13224
DB01520	O15399
DB01520	Q693P7
DB01558	P14867
DB01558	P47869
DB01558	P34903
DB01558	P48169
DB01558	P31644
DB01558	Q16445
DB01558	P18505
DB01558	P47870
DB01558	P28472
DB01558	Q8N1C3
DB01558	P18507
DB01558	Q99928
DB01558	O14764
DB01558	P78334
DB01558	O00591
DB01558	P24046
DB01558	P28476
DB01558	A8MPY1
DB01558	Q9UN88
DB01558	P08684
DB01558	P05177
DB01558	P33261
DB01558	P05181
DB01559	P14867
DB01559	P47869
DB01559	P34903
DB01559	P31644
DB01559	Q8N1C3
DB01559	P18507
DB01559	Q99928
DB01559	P18505
DB01559	P47870
DB01559	P28472
DB01559	O14764
DB01559	P78334
DB01559	O00591
DB01559	P24046
DB01559	P28476
DB01559	A8MPY1
DB01559	P20813
DB01559	P33260
DB01559	P33261
DB01559	P08684
DB01567	P14867
DB01567	P47869
DB01567	P34903
DB01567	P31644
DB01567	Q8N1C3
DB01567	P18507
DB01567	Q99928
DB01567	P18505
DB01567	P47870
DB01567	P28472
DB01567	O14764
DB01567	P78334
DB01567	O00591
DB01567	P24046
DB01567	P28476
DB01567	A8MPY1
DB01587	P30536
DB01587	P14867
DB01587	P18505
DB01587	Q8N1C3
DB01587	O14764
DB01587	P78334
DB01587	P08684
DB01588	P14867
DB01588	P47869
DB01588	P34903
DB01588	P31644
DB01588	Q8N1C3
DB01588	P18507
DB01588	Q99928
DB01588	P18505
DB01588	P47870
DB01588	P28472
DB01588	O14764
DB01588	P78334
DB01588	O00591
DB01588	P24046
DB01588	P28476
DB01588	A8MPY1
DB01588	P14867
DB01588	P47869
DB01588	P34903
DB01588	P48169
DB01588	P31644
DB01588	Q16445
DB01588	P18505
DB01588	P47870
DB01588	P28472
DB01588	O14764
DB01588	P78334
DB01588	Q8N1C3
DB01588	P18507
DB01588	Q99928
DB01588	O00591
DB01588	Q9UN88
DB01588	P08684
DB01589	P14867
DB01589	P47869
DB01589	P34903
DB01589	P31644
DB01589	Q8N1C3
DB01589	P18507
DB01589	Q99928
DB01589	P18505
DB01589	P28472
DB01589	O14764
DB01589	P78334
DB01589	O00591
DB01589	P24046
DB01589	P28476
DB01589	A8MPY1
DB01589	P14867
DB01589	P47869
DB01589	P34903
DB01589	P48169
DB01589	P31644
DB01589	Q16445
DB01589	P18505
DB01589	P47870
DB01589	P28472
DB01589	O14764
DB01589	P78334
DB01589	Q8N1C3
DB01589	P18507
DB01589	Q99928
DB01589	O00591
DB01589	Q9UN88
DB01589	P33261
DB01589	P11712
DB01589	P08684
DB01591	P20309
DB01591	P11229
DB01591	P08172
DB01591	P08173
DB01591	P08912
DB01591	P08684
DB01594	P14867
DB01594	P47869
DB01594	P34903
DB01594	P31644
DB01594	Q8N1C3
DB01594	P18507
DB01594	Q99928
DB01594	P18505
DB01594	P47870
DB01594	P28472
DB01594	O14764
DB01594	P78334
DB01594	O00591
DB01594	P24046
DB01594	P28476
DB01594	A8MPY1
DB01595	P14867
DB01595	P47869
DB01595	P34903
DB01595	P48169
DB01595	P31644
DB01595	Q16445
DB01595	P18505
DB01595	P47870
DB01595	P28472
DB01595	Q8N1C3
DB01595	P18507
DB01595	Q99928
DB01595	O14764
DB01595	P78334
DB01595	O00591
DB01595	P24046
DB01595	P28476
DB01595	A8MPY1
DB01595	Q9UN88
DB01595	P35498
DB01595	P08684
DB01595	P05181
DB01625	P20309
DB01625	P08173
DB01645	Q92731
DB01645	P11388
DB01645	Q14289
DB01645	Q15788
DB01645	P03372
DB01645	Q15596
DB01645	P05177
DB01647	Q07343
DB01656	Q08499
DB01656	P27815
DB01656	Q07343
DB01656	Q08493
DB01708	P07445
DB01708	Q06520
DB01708	P22637
DB01708	P14061
DB01708	O00204
DB01708	Q07869
DB01708	P03372
DB01708	Q99720
DB01708	Q92731
DB01708	O75469
DB01708	Q14994
DB01708	P14867
DB01708	P47869
DB01708	P34903
DB01708	P48169
DB01708	P31644
DB01708	Q16445
DB01708	P18505
DB01708	P47870
DB01708	P28472
DB01708	O14764
DB01708	P78334
DB01708	Q8N1C3
DB01708	P18507
DB01708	Q99928
DB01708	O00591
DB01708	Q9UN88
DB01708	Q05586
DB01708	Q12879
DB01708	Q13224
DB01708	Q14957
DB01708	O15399
DB01708	Q8TCU5
DB01708	O60391
DB01708	P08684
DB01708	P24462
DB01738	P05771
DB01791	P27815
DB01791	Q07343
DB01791	Q08493
DB01791	Q08499
DB01942	P09601
DB01942	P07998
DB01942	P0A7E1
DB01942	Q60099
DB01942	P0A1V8
DB01942	P42321
DB01942	O07347
DB01942	P22629
DB01942	P0A733
DB01942	Q13363
DB01942	Q9X0N8
DB01942	O06162
DB01942	O14936
DB01942	P0A5I4
DB01942	Q9X278
DB01942	Q9BVM4
DB01942	P20472
DB01942	P14621
DB01942	Q81C15
DB01942	P80357
DB01942	P39841
DB01942	P29475
DB01942	Q9X0V0
DB01942	P75914
DB01942	Q7DC80
DB01942	O34714
DB01942	P16544
DB01942	Q9NQX3
DB01942	Q81F54
DB01942	Q99418
DB01942	Q06700
DB01942	Q9WXS0
DB01942	P77872
DB01942	Q9X0F9
DB01942	Q8MU52
DB01942	Q27796
DB01942	O31465
DB01942	P77454
DB01942	P30749
DB01942	Q9X0L5
DB01942	Q9Z4N6
DB01942	Q9LCX5
DB01942	Q46891
DB01942	Q59643
DB01942	P0A6D3
DB01942	P00780
DB01942	P05230
DB01942	P0A6K3
DB01942	P05041
DB01942	P00918
DB01954	Q08499
DB01954	Q07343
DB01959	Q07343
DB01959	Q08499
DB01990	P35398
DB02303	Q12882
DB02338	Q16881
DB02338	P11411
DB02338	Q01782
DB02338	Q07982
DB02338	Q12882
DB02338	Q9UDR5
DB02547	O60547
DB02587	Q08462
DB02587	P63092
DB02587	O95622
DB02615	P18031
DB02615	P03372
DB02659	P22830
DB02659	P00326
DB02659	P62508
DB02659	P51161
DB02659	P13073
DB02659	P00395
DB02659	P00403
DB02659	P00414
DB02659	P20674
DB02659	P10606
DB02659	P09669
DB02659	P24311
DB02659	P15954
DB02659	P10176
DB02659	Q02221
DB02659	P14854
DB02659	P24310
DB02659	P04054
DB02659	P23141
DB02659	Q7KZA3
DB02659	P54965
DB02660	Q07343
DB02676	Q08499
DB02715	P03372
DB02852	Q13002
DB02918	Q08499
DB02999	P42262
DB02999	Q13002
DB03048	Q12882
DB03147	P37747
DB03147	P39662
DB03147	O31616
DB03147	P16435
DB03147	Q92947
DB03147	P11310
DB03147	P14920
DB03147	P09546
DB03147	P61497
DB03147	P21397
DB03147	P16219
DB03147	Q96RQ9
DB03147	P42593
DB03147	Q56839
DB03147	P20586
DB03147	P29475
DB03147	P15559
DB03147	P00438
DB03147	P83223
DB03147	Q86YB8
DB03147	P00390
DB03147	O05783
DB03147	P00387
DB03147	P12676
DB03147	Q9WYT0
DB03147	P37063
DB03147	P0A9P4
DB03147	P06715
DB03147	P0AEZ1
DB03147	P40859
DB03147	P28593
DB03147	P16083
DB03147	P26440
DB03147	P47989
DB03147	P22637
DB03147	Q9AGP8
DB03147	P37062
DB03147	Q12882
DB03147	P21890
DB03147	P06149
DB03147	P38038
DB03147	Q16881
DB03147	Q44532
DB03147	Q9UKU7
DB03147	Q06319
DB03147	O95831
DB03147	Q52437
DB03147	P18925
DB03147	Q888A4
DB03147	P00914
DB03147	P05327
DB03147	P10902
DB03147	P77967
DB03147	P09622
DB03147	Q9Z4P0
DB03147	Q9UHQ9
DB03147	Q7SID9
DB03147	P27338
DB03147	P22570
DB03147	Q15067
DB03147	P08373
DB03147	P55789
DB03147	P61432
DB03147	P24232
DB03147	Q9LAG2
DB03147	Q9RA47
DB03147	P16640
DB03147	O53355
DB03147	O06934
DB03147	P55792
DB03147	P09788
DB03147	P19480
DB03147	Q51225
DB03147	Q94655
DB03147	Q47PU3
DB03147	P07771
DB03147	Q72JJ3
DB03147	Q9KIE5
DB03147	P09063
DB03147	P14218
DB03147	P35340
DB03147	P58558
DB03147	P28861
DB03147	Q9RC23
DB03147	P0C278
DB03147	P27338
DB03183	Q08499
DB03247	P16099
DB03247	Q9F0J6
DB03247	Q9WZW1
DB03247	Q51990
DB03247	Q56691
DB03247	O75676
DB03247	Q51793
DB03247	Q9NYQ3
DB03247	Q9RYU4
DB03247	P61949
DB03247	P50740
DB03247	Q60049
DB03247	Q46604
DB03247	Q81EW9
DB03247	P16435
DB03247	Q96CD2
DB03247	O69755
DB03247	P55038
DB03247	P0AFI7
DB03247	P00322
DB03247	P38489
DB03247	P0A2Y7
DB03247	P42593
DB03247	Q53ZE5
DB03247	P30043
DB03247	Q9UJM8
DB03247	Q9NVS9
DB03247	P46072
DB03247	Q969G6
DB03247	P17117
DB03247	P29475
DB03247	P0A7E1
DB03247	Q12882
DB03247	Q02127
DB03247	P71278
DB03247	P63462
DB03247	P30197
DB03247	P41407
DB03247	P56122
DB03247	P0A3D9
DB03247	P00323
DB03247	P10340
DB03247	Q8DW21
DB03247	O34974
DB03247	Q9WXV1
DB03247	P50618
DB03247	P69772
DB03247	P20932
DB03247	O07529
DB03247	Q9ZK53
DB03247	O00141
DB03247	Q01234
DB03247	Q9FDN7
DB03247	Q746I8
DB03247	P16435
DB03349	Q07343
DB03349	P49773
DB03419	P0AA43
DB03419	P10186
DB03419	Q8X444
DB03419	Q12882
DB03419	Q9NWZ5
DB03419	Q7WYV4
DB03419	P77836
DB03425	Q13002
DB03516	Q12882
DB03516	Q06278
DB03516	P47989
DB03554	Q12882
DB03606	Q08499
DB03606	Q07343
DB03742	P03372
DB03766	O31158
DB03766	Q9NQX3
DB03766	P96965
DB03766	P10724
DB03802	P03372
DB03807	Q07343
DB03849	Q08499
DB03849	Q07343
DB03861	P07686
DB03861	Q9Y691
DB03880	P22894
DB03880	P39900
DB03880	P51512
DB03880	Q9UKQ2
DB03880	Q9UNA0
DB04149	Q07343
DB04149	Q08499
DB04256	Q13255
DB04271	Q08499
DB04315	Q8N142
DB04315	P13551
DB04315	P49411
DB04315	Q9X1F8
DB04315	P32056
DB04315	P38424
DB04315	P41091
DB04315	P63096
DB04315	O07347
DB04315	P11488
DB04315	P60339
DB04315	P51151
DB04315	P15531
DB04315	Q15382
DB04315	P60953
DB04315	Q83JC4
DB04315	P84077
DB04315	P13639
DB04315	Q54089
DB04315	P10114
DB04315	Q7Z2Z2
DB04315	P40616
DB04315	P62826
DB04315	P51149
DB04315	Q6NXR0
DB04315	P15170
DB04315	P20339
DB04315	P01112
DB04315	P68104
DB04315	P61586
DB04315	P18085
DB04315	P21980
DB04315	O60547
DB04315	P62491
DB04315	P11233
DB04315	P0A7D4
DB04315	Q01698
DB04315	Q96KC2
DB04315	P64170
DB04315	Q08188
DB04315	Q26000
DB04315	Q92930
DB04315	P62330
DB04315	P36405
DB04315	P22392
DB04315	Q51366
DB04315	P63000
DB04315	Q9X242
DB04315	Q9Y6B6
DB04315	Q9U8D3
DB04315	Q9Y689
DB04468	Q92731
DB04468	P62508
DB04468	P03372
DB04469	Q08499
DB04471	P03372
DB04530	P36952
DB04530	O06330
DB04530	Q01064
DB04530	O60493
DB04530	P39805
DB04530	Q99418
DB04530	P0A884
DB04530	Q07343
DB04530	P04818
DB04530	P17612
DB04530	P11309
DB04530	P05089
DB04530	P00722
DB04530	P39126
DB04530	P0AEX9
DB04530	P0ACB2
DB04540	P35398
DB04573	P03372
DB04573	Q92731
DB04574	P03372
DB04574	Q92731
DB04574	P08684
DB04574	P05177
DB04574	P11712
DB04575	P03372
DB04838	P54289
DB04838	P23141
DB04843	P11229
DB04843	P20309
DB04855	P35348
DB04855	P35368
DB04855	P25100
DB04855	P08913
DB04855	P18089
DB04855	P18825
DB04855	P08588
DB04855	Q12809
DB04855	Q13936
DB04855	Q01668
DB04855	O60840
DB04855	Q13698
DB04855	Q02641
DB04855	Q08289
DB04855	P54284
DB04855	O00305
DB04855	P35498
DB04855	O95069
DB04855	P08684
DB04855	P10635
DB04880	Q14432
DB04896	P31645
DB04896	P23975
DB04896	Q05586
DB04896	Q12879
DB04896	Q13224
DB04896	Q14957
DB04896	O15399
DB04896	Q8TCU5
DB04896	O60391
DB04920	O60840
DB04920	Q13698
DB04920	Q01668
DB04920	Q13936
DB04920	P11712
DB04920	P10635
DB04920	P05181
DB04920	P33261
DB04920	P05177
DB04920	P08684
DB04920	P06276
DB04922	P54289
DB04922	Q9NY47
DB04924	P14416
DB04924	P20309
DB04938	P03372
DB04938	P08684
DB04938	P11712
DB04938	P33261
DB04938	P20813
DB04953	O43526
DB04953	O43525
DB04953	P56696
DB04953	Q9NR82
DB04953	P22309
DB04953	P35503
DB04953	P22310
DB04953	O60656
DB04953	P11509
DB04953	P11245
DB04964	Q8WXI7
DB04982	P42261
DB04982	P42262
DB04982	P42263
DB04982	P48058
DB05047	P48058
DB05047	P23560
DB05047	P42261
DB05047	P42262
DB05047	P42263
DB05070	P41594
DB05219	P27815
DB05219	Q07343
DB05219	Q08493
DB05219	Q08499
DB05233	P03372
DB05266	P27815
DB05266	Q07343
DB05266	Q08493
DB05266	Q08499
DB05266	Q14432
DB05298	Q08499
DB05338	P11511
DB05338	P03372
DB05404	P04637
DB05487	P03372
DB05487	Q00653
DB05487	P19838
DB05662	P03372
DB05676	Q08499
DB05676	P27815
DB05676	Q07343
DB05676	P01375
DB05676	P60568
DB05676	P01579
DB05676	P29474
DB05676	P08684
DB05752	P11229
DB05752	P08172
DB05752	P20309
DB05752	P08173
DB05752	P08912
DB05829	Q03431
DB05829	P49190
DB05882	P03372
DB05882	Q92731
DB06060	P41594
DB06089	P51787
DB06089	O43525
DB06089	P56696
DB06089	Q9NR82
DB06089	O43526
DB06151	Q03154
DB06151	O15111
DB06151	O14920
DB06151	P48637
DB06151	Q9UPY5
DB06151	Q13224
DB06151	Q05586
DB06151	Q12879
DB06151	O15399
DB06151	Q8TCU5
DB06201	P41594
DB06201	Q15858
DB06201	P23141
DB06201	P05181
DB06201	P08684
DB06401	P03372
DB06603	Q9UBN7
DB06603	P56524
DB06603	O15379
DB06603	Q13547
DB06603	Q92769
DB06603	Q9BY41
DB06603	Q9UQL6
DB06603	Q8WUI4
DB06603	Q9UKV0
DB06603	Q969S8
DB06603	P10635
DB06603	P08684
DB06637	Q09470
DB06637	P16389
DB06637	P22001
DB06637	P22459
DB06637	P22460
DB06637	P17658
DB06637	Q96RP8
DB06637	Q16322
DB06637	Q14721
DB06637	Q92953
DB06637	P48547
DB06637	Q96PR1
DB06637	Q14003
DB06637	Q9NSA2
DB06637	Q9NZV8
DB06637	Q9UK17
DB06637	P05181
DB06702	P20309
DB06702	P08173
DB06702	P11229
DB06702	P08172
DB06702	P08912
DB06702	P08684
DB06702	P10635
DB06709	P20309
DB06712	Q13936
DB06712	P54289
DB06712	Q08289
DB06712	Q01668
DB06712	Q13698
DB06712	Q8IZS8
DB06712	P08684
DB06712	P05177
DB06712	P11509
DB06712	P33261
DB06712	P10632
DB06712	P11712
DB06712	P05181
DB06716	P47870
DB06716	P28472
DB06716	P05186
DB06738	P35372
DB06738	P41145
DB06738	P41143
DB06738	Q05586
DB06738	Q12879
DB06738	Q13224
DB06738	Q14957
DB06738	O15399
DB06738	Q8TCU5
DB06738	O60391
DB06738	P23219
DB06738	P11712
DB06738	P08684
DB06738	O60656
DB06738	P20813
DB06738	P33261
DB06738	P10632
DB06741	Q05586
DB06741	Q12879
DB06741	Q13224
DB06741	Q14957
DB06741	O15399
DB06741	Q8TCU5
DB06741	O60391
DB06741	P11712
DB06741	P22309
DB06741	P35503
DB06741	O60656
DB06741	P06133
DB06751	P27815
DB06751	Q13936
DB06842	P27815
DB06842	Q08499
DB06843	P63092
DB06843	Q08462
DB06843	O95622
DB06871	P03372
DB06871	Q15596
DB06884	P62508
DB06884	P48552
DB06898	P03372
DB06898	Q15596
DB06902	P62508
DB06909	Q07343
DB06927	Q92731
DB06927	Q15788
DB06927	P03372
DB06973	P62508
DB07051	Q08499
DB07086	Q15596
DB07086	P03372
DB07087	P03372
DB07087	Q15596
DB07195	P03372
DB07195	Q15596
DB07485	P62508
DB07567	P03372
DB07638	P03372
DB07638	Q92731
DB07678	P03372
DB07678	Q15596
DB07707	P03372
DB07707	Q15596
DB07708	P03372
DB07708	Q15596
DB07712	P03372
DB07712	Q15596
DB07932	P03372
DB07932	Q15596
DB07933	Q92731
DB07933	P03372
DB07954	O76074
DB07954	Q13370
DB07954	Q13946
DB07954	Q08499
DB07954	O76083
DB07954	O60658
DB07954	O00408
DB07954	P18545
DB07991	P03372
DB08020	Q92731
DB08020	P03372
DB08047	P03372
DB08047	Q15596
DB08048	P03372
DB08048	Q15596
DB08299	P27815
DB08299	Q07343
DB08299	Q08499
DB08320	P03372
DB08320	Q15596
DB08363	P04637
DB08383	Q9Y233
DB08384	Q9Y233
DB08386	Q9Y233
DB08387	Q9Y233
DB08389	Q9Y233
DB08391	Q9Y233
DB08398	P03372
DB08398	Q15596
DB08595	P03372
DB08595	Q15596
DB08737	P03372
DB08773	P03372
DB08773	Q15596
DB08811	P27815
DB08811	Q9Y233
DB08811	Q14432
DB08811	O00408
DB08811	P08684
DB08814	P23219
DB08814	P19838
DB08814	P35228
DB08814	Q9Y233
DB08846	P00915
DB08846	P00918
DB08846	P07451
DB08846	P22748
DB08846	P35218
DB08846	Q9Y2D0
DB08846	P23280
DB08846	P43166
DB08846	Q16790
DB08846	O43570
DB08846	Q9ULX7
DB08846	P68400
DB08846	P17612
DB08846	P17252
DB08846	P05771
DB08846	P43405
DB08846	Q14534
DB08846	P04798
DB08846	P05181
DB08865	Q9UM73
DB08865	P08581
DB08865	P08684
DB08865	P20815
DB08883	P42261
DB08883	P08684
DB08883	P20815
DB08897	P11229
DB08897	P08172
DB08897	P20309
DB08897	P08173
DB08897	P08912
DB08897	P06276
DB08916	P00533
DB08916	P04626
DB08916	Q15303
DB09063	Q9UM73
DB09076	P11229
DB09076	P08172
DB09076	P20309
DB09076	P08173
DB09076	P08912
DB09076	P10635
DB11363	Q9UM73
