ENSP00000035383	ENSP00000262442	85
ENSP00000035383	ENSP00000265741	63
ENSP00000035383	ENSP00000280772	101
ENSP00000035383	ENSP00000282908	102
ENSP00000035383	ENSP00000286063	112
ENSP00000035383	ENSP00000305355	102
ENSP00000035383	ENSP00000307134	576
ENSP00000035383	ENSP00000321805	103
ENSP00000035383	ENSP00000332116	112
ENSP00000035383	ENSP00000332549	91
ENSP00000035383	ENSP00000339952	576
ENSP00000035383	ENSP00000342235	83
ENSP00000035383	ENSP00000345193	101
ENSP00000035383	ENSP00000345502	112
ENSP00000035383	ENSP00000349588	101
ENSP00000035383	ENSP00000354432	101
ENSP00000035383	ENSP00000363092	150
ENSP00000035383	ENSP00000365272	69
ENSP00000035383	ENSP00000381003	101
ENSP00000035383	ENSP00000381098	75
ENSP00000035383	ENSP00000390500	167
ENSP00000035383	ENSP00000438284	112
ENSP00000035383	ENSP00000449629	101
ENSP00000035383	ENSP00000450895	101
ENSP00000035383	ENSP00000451131	101
ENSP00000206249	ENSP00000262189	91
ENSP00000206249	ENSP00000264674	74
ENSP00000206249	ENSP00000269305	812
ENSP00000206249	ENSP00000270722	74
ENSP00000206249	ENSP00000300305	80
ENSP00000206249	ENSP00000321805	97
ENSP00000206249	ENSP00000337451	63
ENSP00000206249	ENSP00000342235	149
ENSP00000206249	ENSP00000373700	75
ENSP00000206249	ENSP00000374069	74
ENSP00000206249	ENSP00000379258	74
ENSP00000206249	ENSP00000381098	980
ENSP00000206249	ENSP00000384179	74
ENSP00000206249	ENSP00000408617	576
ENSP00000231021	ENSP00000264463	574
ENSP00000231021	ENSP00000274170	574
ENSP00000240874	ENSP00000280772	69
ENSP00000240874	ENSP00000321805	149
ENSP00000240874	ENSP00000323194	159
ENSP00000240874	ENSP00000345193	69
ENSP00000240874	ENSP00000348812	467
ENSP00000240874	ENSP00000349588	69
ENSP00000240874	ENSP00000353362	120
ENSP00000240874	ENSP00000374069	102
ENSP00000240874	ENSP00000389140	323
ENSP00000240874	ENSP00000418112	298
ENSP00000251127	ENSP00000255380	576
ENSP00000251127	ENSP00000305824	91
ENSP00000251127	ENSP00000320025	83
ENSP00000251127	ENSP00000333496	91
ENSP00000251127	ENSP00000345055	91
ENSP00000251127	ENSP00000345193	87
ENSP00000251127	ENSP00000349320	71
ENSP00000251127	ENSP00000373648	91
ENSP00000251127	ENSP00000378690	100
ENSP00000251127	ENSP00000419101	71
ENSP00000251127	ENSP00000419952	131
ENSP00000251127	ENSP00000430846	91
ENSP00000251507	ENSP00000262442	149
ENSP00000251507	ENSP00000265104	149
ENSP00000251507	ENSP00000272427	101
ENSP00000251507	ENSP00000311273	149
ENSP00000251507	ENSP00000321805	108
ENSP00000251507	ENSP00000330671	149
ENSP00000251507	ENSP00000333363	149
ENSP00000251507	ENSP00000336591	164
ENSP00000251507	ENSP00000381167	149
ENSP00000251507	ENSP00000386357	98
ENSP00000253812	ENSP00000381768	81
ENSP00000253861	ENSP00000265944	310
ENSP00000253861	ENSP00000272427	830
ENSP00000253861	ENSP00000285900	104
ENSP00000253861	ENSP00000288368	208
ENSP00000253861	ENSP00000321805	245
ENSP00000253861	ENSP00000325506	298
ENSP00000253861	ENSP00000334563	430
ENSP00000253861	ENSP00000349145	310
ENSP00000253861	ENSP00000381098	104
ENSP00000253861	ENSP00000386213	310
ENSP00000255380	ENSP00000251127	576
ENSP00000256935	ENSP00000281156	205
ENSP00000256935	ENSP00000312185	970
ENSP00000260323	ENSP00000334319	76
ENSP00000260983	ENSP00000265741	102
ENSP00000260983	ENSP00000269305	576
ENSP00000260983	ENSP00000286063	109
ENSP00000260983	ENSP00000315568	306
ENSP00000260983	ENSP00000332116	109
ENSP00000260983	ENSP00000345502	109
ENSP00000260983	ENSP00000354573	306
ENSP00000260983	ENSP00000363092	306
ENSP00000260983	ENSP00000379228	306
ENSP00000260983	ENSP00000380603	306
ENSP00000260983	ENSP00000404705	169
ENSP00000260983	ENSP00000417335	99
ENSP00000260983	ENSP00000419471	87
ENSP00000260983	ENSP00000420321	99
ENSP00000260983	ENSP00000438284	109
ENSP00000261205	ENSP00000353362	576
ENSP00000261205	ENSP00000385142	570
ENSP00000261205	ENSP00000428417	576
ENSP00000261655	ENSP00000353362	120
ENSP00000262189	ENSP00000206249	91
ENSP00000262189	ENSP00000269305	569
ENSP00000262189	ENSP00000280772	91
ENSP00000262189	ENSP00000345193	91
ENSP00000262189	ENSP00000349588	91
ENSP00000262189	ENSP00000354432	91
ENSP00000262189	ENSP00000356224	105
ENSP00000262189	ENSP00000367001	95
ENSP00000262189	ENSP00000381003	96
ENSP00000262189	ENSP00000408617	220
ENSP00000262189	ENSP00000411096	75
ENSP00000262189	ENSP00000449629	91
ENSP00000262189	ENSP00000450895	91
ENSP00000262189	ENSP00000451131	99
ENSP00000262189	ENSP00000457230	86
ENSP00000262383	ENSP00000265741	98
ENSP00000262383	ENSP00000273854	80
ENSP00000262383	ENSP00000280772	91
ENSP00000262383	ENSP00000282908	101
ENSP00000262383	ENSP00000286355	85
ENSP00000262383	ENSP00000300305	98
ENSP00000262383	ENSP00000305355	97
ENSP00000262383	ENSP00000310126	81
ENSP00000262383	ENSP00000318902	102
ENSP00000262383	ENSP00000321805	98
ENSP00000262383	ENSP00000322898	576
ENSP00000262383	ENSP00000337451	80
ENSP00000262383	ENSP00000342952	85
ENSP00000262383	ENSP00000345193	91
ENSP00000262383	ENSP00000349588	91
ENSP00000262383	ENSP00000350359	87
ENSP00000262383	ENSP00000363092	149
ENSP00000262383	ENSP00000365272	70
ENSP00000262383	ENSP00000374323	80
ENSP00000262383	ENSP00000378690	100
ENSP00000262383	ENSP00000379065	102
ENSP00000262383	ENSP00000381003	149
ENSP00000262383	ENSP00000381097	80
ENSP00000262383	ENSP00000386200	102
ENSP00000262383	ENSP00000390500	108
ENSP00000262383	ENSP00000408617	105
ENSP00000262383	ENSP00000419471	75
ENSP00000262383	ENSP00000422591	71
ENSP00000262383	ENSP00000446280	149
ENSP00000262383	ENSP00000451131	101
ENSP00000262442	ENSP00000035383	85
ENSP00000262442	ENSP00000251507	149
ENSP00000262442	ENSP00000264400	292
ENSP00000262442	ENSP00000265741	149
ENSP00000262442	ENSP00000265944	149
ENSP00000262442	ENSP00000273854	83
ENSP00000262442	ENSP00000305355	288
ENSP00000262442	ENSP00000334563	202
ENSP00000262442	ENSP00000349145	149
ENSP00000262442	ENSP00000385545	222
ENSP00000262442	ENSP00000386213	149
ENSP00000262442	ENSP00000430333	85
ENSP00000262462	ENSP00000339952	237
ENSP00000262462	ENSP00000341662	131
ENSP00000263525	ENSP00000325660	576
ENSP00000264363	ENSP00000365301	149
ENSP00000264363	ENSP00000366246	149
ENSP00000264363	ENSP00000366267	236
ENSP00000264363	ENSP00000413496	149
ENSP00000264400	ENSP00000262442	292
ENSP00000264400	ENSP00000265104	292
ENSP00000264400	ENSP00000265741	191
ENSP00000264400	ENSP00000278198	101
ENSP00000264400	ENSP00000282908	149
ENSP00000264400	ENSP00000298119	101
ENSP00000264400	ENSP00000310126	101
ENSP00000264400	ENSP00000311273	292
ENSP00000264400	ENSP00000321805	297
ENSP00000264400	ENSP00000330671	292
ENSP00000264400	ENSP00000333363	292
ENSP00000264400	ENSP00000336591	150
ENSP00000264400	ENSP00000363092	228
ENSP00000264400	ENSP00000379065	96
ENSP00000264400	ENSP00000381167	292
ENSP00000264400	ENSP00000386357	101
ENSP00000264463	ENSP00000231021	574
ENSP00000264463	ENSP00000307134	102
ENSP00000264674	ENSP00000206249	74
ENSP00000264674	ENSP00000265741	98
ENSP00000264674	ENSP00000273854	80
ENSP00000264674	ENSP00000280772	91
ENSP00000264674	ENSP00000282908	101
ENSP00000264674	ENSP00000286355	85
ENSP00000264674	ENSP00000305355	97
ENSP00000264674	ENSP00000318902	102
ENSP00000264674	ENSP00000321805	98
ENSP00000264674	ENSP00000337451	80
ENSP00000264674	ENSP00000342952	85
ENSP00000264674	ENSP00000345193	91
ENSP00000264674	ENSP00000349588	91
ENSP00000264674	ENSP00000350359	87
ENSP00000264674	ENSP00000352157	79
ENSP00000264674	ENSP00000361577	71
ENSP00000264674	ENSP00000363092	149
ENSP00000264674	ENSP00000374323	80
ENSP00000264674	ENSP00000378690	100
ENSP00000264674	ENSP00000379065	102
ENSP00000264674	ENSP00000381003	149
ENSP00000264674	ENSP00000381097	80
ENSP00000264674	ENSP00000386200	102
ENSP00000264674	ENSP00000390500	108
ENSP00000264674	ENSP00000408617	105
ENSP00000264674	ENSP00000419471	75
ENSP00000264674	ENSP00000446280	149
ENSP00000264674	ENSP00000450895	91
ENSP00000264674	ENSP00000451131	101
ENSP00000265104	ENSP00000251507	149
ENSP00000265104	ENSP00000264400	292
ENSP00000265104	ENSP00000265741	149
ENSP00000265104	ENSP00000265944	149
ENSP00000265104	ENSP00000266497	102
ENSP00000265104	ENSP00000305355	225
ENSP00000265104	ENSP00000334563	202
ENSP00000265104	ENSP00000349145	149
ENSP00000265104	ENSP00000374323	83
ENSP00000265104	ENSP00000385545	222
ENSP00000265104	ENSP00000386213	149
ENSP00000265104	ENSP00000430333	85
ENSP00000265362	ENSP00000273854	74
ENSP00000265362	ENSP00000337451	74
ENSP00000265362	ENSP00000354207	102
ENSP00000265362	ENSP00000374323	74
ENSP00000265362	ENSP00000381097	74
ENSP00000265741	ENSP00000035383	63
ENSP00000265741	ENSP00000260983	102
ENSP00000265741	ENSP00000262383	98
ENSP00000265741	ENSP00000262442	149
ENSP00000265741	ENSP00000264400	191
ENSP00000265741	ENSP00000264674	98
ENSP00000265741	ENSP00000265104	149
ENSP00000265741	ENSP00000266497	216
ENSP00000265741	ENSP00000270722	98
ENSP00000265741	ENSP00000273854	107
ENSP00000265741	ENSP00000278198	63
ENSP00000265741	ENSP00000280772	149
ENSP00000265741	ENSP00000282908	164
ENSP00000265741	ENSP00000298119	63
ENSP00000265741	ENSP00000305355	149
ENSP00000265741	ENSP00000310126	63
ENSP00000265741	ENSP00000311273	149
ENSP00000265741	ENSP00000318902	160
ENSP00000265741	ENSP00000321805	149
ENSP00000265741	ENSP00000330671	149
ENSP00000265741	ENSP00000331418	194
ENSP00000265741	ENSP00000333363	149
ENSP00000265741	ENSP00000336591	299
ENSP00000265741	ENSP00000337451	107
ENSP00000265741	ENSP00000345193	149
ENSP00000265741	ENSP00000347730	98
ENSP00000265741	ENSP00000348812	194
ENSP00000265741	ENSP00000349588	149
ENSP00000265741	ENSP00000352157	98
ENSP00000265741	ENSP00000354432	149
ENSP00000265741	ENSP00000357196	194
ENSP00000265741	ENSP00000361577	63
ENSP00000265741	ENSP00000362283	194
ENSP00000265741	ENSP00000365272	63
ENSP00000265741	ENSP00000374069	194
ENSP00000265741	ENSP00000374323	107
ENSP00000265741	ENSP00000379228	102
ENSP00000265741	ENSP00000379258	98
ENSP00000265741	ENSP00000381003	109
ENSP00000265741	ENSP00000381097	107
ENSP00000265741	ENSP00000381167	149
ENSP00000265741	ENSP00000384179	98
ENSP00000265741	ENSP00000385450	89
ENSP00000265741	ENSP00000385545	102
ENSP00000265741	ENSP00000386200	160
ENSP00000265741	ENSP00000386357	63
ENSP00000265741	ENSP00000390500	75
ENSP00000265741	ENSP00000408617	103
ENSP00000265741	ENSP00000418112	263
ENSP00000265741	ENSP00000419153	98
ENSP00000265741	ENSP00000419471	150
ENSP00000265741	ENSP00000422591	63
ENSP00000265741	ENSP00000430128	149
ENSP00000265741	ENSP00000430333	63
ENSP00000265741	ENSP00000449629	149
ENSP00000265741	ENSP00000450895	149
ENSP00000265741	ENSP00000451131	109
ENSP00000265944	ENSP00000253861	310
ENSP00000265944	ENSP00000262442	149
ENSP00000265944	ENSP00000265104	149
ENSP00000265944	ENSP00000266497	80
ENSP00000265944	ENSP00000272427	205
ENSP00000265944	ENSP00000311273	149
ENSP00000265944	ENSP00000321805	149
ENSP00000265944	ENSP00000330671	149
ENSP00000265944	ENSP00000333363	149
ENSP00000265944	ENSP00000350032	76
ENSP00000265944	ENSP00000352157	344
ENSP00000265944	ENSP00000354573	105
ENSP00000265944	ENSP00000354923	105
ENSP00000265944	ENSP00000356224	105
ENSP00000265944	ENSP00000356515	105
ENSP00000265944	ENSP00000363092	97
ENSP00000265944	ENSP00000365272	90
ENSP00000265944	ENSP00000371587	158
ENSP00000265944	ENSP00000378690	158
ENSP00000265944	ENSP00000381167	149
ENSP00000265944	ENSP00000381768	75
ENSP00000265944	ENSP00000385545	105
ENSP00000266037	ENSP00000312185	363
ENSP00000266376	ENSP00000280772	87
ENSP00000266376	ENSP00000305824	91
ENSP00000266376	ENSP00000320025	566
ENSP00000266376	ENSP00000333496	91
ENSP00000266376	ENSP00000345055	91
ENSP00000266376	ENSP00000345193	87
ENSP00000266376	ENSP00000349320	83
ENSP00000266376	ENSP00000349588	87
ENSP00000266376	ENSP00000355533	576
ENSP00000266376	ENSP00000371587	100
ENSP00000266376	ENSP00000373648	91
ENSP00000266376	ENSP00000378690	100
ENSP00000266376	ENSP00000419101	88
ENSP00000266376	ENSP00000419952	131
ENSP00000266376	ENSP00000428417	576
ENSP00000266376	ENSP00000430846	91
ENSP00000266497	ENSP00000265104	102
ENSP00000266497	ENSP00000265741	216
ENSP00000266497	ENSP00000265944	80
ENSP00000266497	ENSP00000273854	88
ENSP00000266497	ENSP00000280772	105
ENSP00000266497	ENSP00000282908	251
ENSP00000266497	ENSP00000305355	251
ENSP00000266497	ENSP00000321805	149
ENSP00000266497	ENSP00000333363	102
ENSP00000266497	ENSP00000336591	102
ENSP00000266497	ENSP00000337451	88
ENSP00000266497	ENSP00000338185	149
ENSP00000266497	ENSP00000338967	149
ENSP00000266497	ENSP00000345193	105
ENSP00000266497	ENSP00000349588	105
ENSP00000266497	ENSP00000354432	105
ENSP00000266497	ENSP00000363092	100
ENSP00000266497	ENSP00000374323	88
ENSP00000266497	ENSP00000381097	88
ENSP00000266497	ENSP00000402861	149
ENSP00000266497	ENSP00000419471	282
ENSP00000266497	ENSP00000422591	74
ENSP00000266497	ENSP00000430333	74
ENSP00000266497	ENSP00000449629	105
ENSP00000266497	ENSP00000450895	105
ENSP00000269305	ENSP00000206249	812
ENSP00000269305	ENSP00000260983	576
ENSP00000269305	ENSP00000262189	569
ENSP00000269305	ENSP00000333568	551
ENSP00000269305	ENSP00000336591	570
ENSP00000269305	ENSP00000337451	576
ENSP00000269305	ENSP00000342235	566
ENSP00000269305	ENSP00000352157	576
ENSP00000269305	ENSP00000363921	353
ENSP00000269305	ENSP00000379228	576
ENSP00000269305	ENSP00000381098	133
ENSP00000269305	ENSP00000408617	576
ENSP00000269305	ENSP00000436426	491
ENSP00000269305	ENSP00000441462	564
ENSP00000269305	ENSP00000457230	963
ENSP00000270722	ENSP00000206249	74
ENSP00000270722	ENSP00000265741	98
ENSP00000270722	ENSP00000273854	80
ENSP00000270722	ENSP00000280772	91
ENSP00000270722	ENSP00000282908	101
ENSP00000270722	ENSP00000286355	85
ENSP00000270722	ENSP00000305355	97
ENSP00000270722	ENSP00000318902	102
ENSP00000270722	ENSP00000321805	98
ENSP00000270722	ENSP00000337451	80
ENSP00000270722	ENSP00000342952	85
ENSP00000270722	ENSP00000345193	91
ENSP00000270722	ENSP00000349588	91
ENSP00000270722	ENSP00000350359	87
ENSP00000270722	ENSP00000363092	149
ENSP00000270722	ENSP00000374323	80
ENSP00000270722	ENSP00000378690	100
ENSP00000270722	ENSP00000379065	102
ENSP00000270722	ENSP00000381003	149
ENSP00000270722	ENSP00000381097	80
ENSP00000270722	ENSP00000386200	102
ENSP00000270722	ENSP00000390500	108
ENSP00000270722	ENSP00000408617	105
ENSP00000270722	ENSP00000419471	75
ENSP00000270722	ENSP00000446280	149
ENSP00000270722	ENSP00000451131	101
ENSP00000271588	ENSP00000384193	812
ENSP00000271751	ENSP00000305824	100
ENSP00000271751	ENSP00000321427	576
ENSP00000271751	ENSP00000333496	100
ENSP00000271751	ENSP00000345055	100
ENSP00000271751	ENSP00000365272	168
ENSP00000271751	ENSP00000373648	100
ENSP00000271751	ENSP00000419952	157
ENSP00000271751	ENSP00000430846	100
ENSP00000272427	ENSP00000251507	101
ENSP00000272427	ENSP00000253861	830
ENSP00000272427	ENSP00000265944	205
ENSP00000272427	ENSP00000321805	131
ENSP00000272427	ENSP00000325506	114
ENSP00000272427	ENSP00000334563	300
ENSP00000272427	ENSP00000349145	205
ENSP00000272427	ENSP00000386213	205
ENSP00000272902	ENSP00000273783	149
ENSP00000273783	ENSP00000272902	149
ENSP00000273854	ENSP00000262383	80
ENSP00000273854	ENSP00000262442	83
ENSP00000273854	ENSP00000264674	80
ENSP00000273854	ENSP00000265362	74
ENSP00000273854	ENSP00000265741	107
ENSP00000273854	ENSP00000266497	88
ENSP00000273854	ENSP00000270722	80
ENSP00000273854	ENSP00000280772	110
ENSP00000273854	ENSP00000286827	92
ENSP00000273854	ENSP00000321805	113
ENSP00000273854	ENSP00000324857	74
ENSP00000273854	ENSP00000342235	101
ENSP00000273854	ENSP00000345193	110
ENSP00000273854	ENSP00000347730	80
ENSP00000273854	ENSP00000348812	74
ENSP00000273854	ENSP00000349588	110
ENSP00000273854	ENSP00000362283	74
ENSP00000273854	ENSP00000363092	98
ENSP00000273854	ENSP00000365272	77
ENSP00000273854	ENSP00000371936	74
ENSP00000273854	ENSP00000379258	80
ENSP00000273854	ENSP00000381098	96
ENSP00000273854	ENSP00000381167	83
ENSP00000273854	ENSP00000384179	80
ENSP00000273854	ENSP00000417335	94
ENSP00000273854	ENSP00000418112	74
ENSP00000273854	ENSP00000419153	80
ENSP00000273854	ENSP00000419471	105
ENSP00000273854	ENSP00000420321	94
ENSP00000273854	ENSP00000422591	100
ENSP00000273854	ENSP00000430333	100
ENSP00000274170	ENSP00000231021	574
ENSP00000274170	ENSP00000307134	102
ENSP00000274170	ENSP00000371689	574
ENSP00000275857	ENSP00000279463	84
ENSP00000275857	ENSP00000325660	84
ENSP00000275857	ENSP00000341882	84
ENSP00000275857	ENSP00000346151	96
ENSP00000275857	ENSP00000380602	84
ENSP00000275857	ENSP00000384197	74
ENSP00000276297	ENSP00000336591	278
ENSP00000276297	ENSP00000417901	576
ENSP00000278198	ENSP00000264400	101
ENSP00000278198	ENSP00000265741	63
ENSP00000278198	ENSP00000279463	77
ENSP00000278198	ENSP00000280772	101
ENSP00000278198	ENSP00000282908	149
ENSP00000278198	ENSP00000286063	203
ENSP00000278198	ENSP00000305355	102
ENSP00000278198	ENSP00000321805	149
ENSP00000278198	ENSP00000332116	203
ENSP00000278198	ENSP00000342235	287
ENSP00000278198	ENSP00000345193	102
ENSP00000278198	ENSP00000345502	203
ENSP00000278198	ENSP00000348812	101
ENSP00000278198	ENSP00000349588	101
ENSP00000278198	ENSP00000354432	102
ENSP00000278198	ENSP00000363092	234
ENSP00000278198	ENSP00000365272	93
ENSP00000278198	ENSP00000380602	77
ENSP00000278198	ENSP00000381003	101
ENSP00000278198	ENSP00000390500	263
ENSP00000278198	ENSP00000418112	110
ENSP00000278198	ENSP00000438284	203
ENSP00000278198	ENSP00000449629	101
ENSP00000278198	ENSP00000450895	101
ENSP00000278198	ENSP00000451131	101
ENSP00000279463	ENSP00000275857	84
ENSP00000279463	ENSP00000278198	77
ENSP00000279463	ENSP00000311837	211
ENSP00000279463	ENSP00000342235	149
ENSP00000279463	ENSP00000354541	84
ENSP00000279463	ENSP00000365272	63
ENSP00000279463	ENSP00000418112	237
ENSP00000279463	ENSP00000429276	211
ENSP00000280333	ENSP00000312185	997
ENSP00000280772	ENSP00000035383	101
ENSP00000280772	ENSP00000240874	69
ENSP00000280772	ENSP00000262189	91
ENSP00000280772	ENSP00000262383	91
ENSP00000280772	ENSP00000264674	91
ENSP00000280772	ENSP00000265741	149
ENSP00000280772	ENSP00000266376	87
ENSP00000280772	ENSP00000266497	105
ENSP00000280772	ENSP00000270722	91
ENSP00000280772	ENSP00000273854	110
ENSP00000280772	ENSP00000278198	101
ENSP00000280772	ENSP00000286355	104
ENSP00000280772	ENSP00000286827	576
ENSP00000280772	ENSP00000298119	101
ENSP00000280772	ENSP00000305355	104
ENSP00000280772	ENSP00000310126	101
ENSP00000280772	ENSP00000318902	73
ENSP00000280772	ENSP00000325660	576
ENSP00000280772	ENSP00000337451	110
ENSP00000280772	ENSP00000338185	83
ENSP00000280772	ENSP00000342235	99
ENSP00000280772	ENSP00000342952	104
ENSP00000280772	ENSP00000346440	100
ENSP00000280772	ENSP00000347730	91
ENSP00000280772	ENSP00000353362	87
ENSP00000280772	ENSP00000354923	79
ENSP00000280772	ENSP00000356224	79
ENSP00000280772	ENSP00000356515	79
ENSP00000280772	ENSP00000361577	101
ENSP00000280772	ENSP00000363092	82
ENSP00000280772	ENSP00000370744	77
ENSP00000280772	ENSP00000374069	74
ENSP00000280772	ENSP00000374323	110
ENSP00000280772	ENSP00000378690	83
ENSP00000280772	ENSP00000379258	91
ENSP00000280772	ENSP00000381003	75
ENSP00000280772	ENSP00000381097	110
ENSP00000280772	ENSP00000384179	91
ENSP00000280772	ENSP00000384197	63
ENSP00000280772	ENSP00000386357	101
ENSP00000280772	ENSP00000402861	83
ENSP00000280772	ENSP00000408617	102
ENSP00000280772	ENSP00000419153	91
ENSP00000280772	ENSP00000422591	101
ENSP00000280772	ENSP00000430333	101
ENSP00000280772	ENSP00000431245	104
ENSP00000280772	ENSP00000451131	75
ENSP00000280979	ENSP00000345502	576
ENSP00000280979	ENSP00000355533	810
ENSP00000281156	ENSP00000256935	205
ENSP00000281156	ENSP00000309117	96
ENSP00000281156	ENSP00000430128	289
ENSP00000282020	ENSP00000285900	567
ENSP00000282020	ENSP00000346151	576
ENSP00000282020	ENSP00000365272	576
ENSP00000282020	ENSP00000397026	567
ENSP00000282499	ENSP00000285900	603
ENSP00000282499	ENSP00000330148	109
ENSP00000282499	ENSP00000332549	99
ENSP00000282499	ENSP00000352157	83
ENSP00000282499	ENSP00000381098	551
ENSP00000282753	ENSP00000332549	106
ENSP00000282753	ENSP00000345193	84
ENSP00000282753	ENSP00000346151	82
ENSP00000282753	ENSP00000373700	105
ENSP00000282908	ENSP00000035383	102
ENSP00000282908	ENSP00000262383	101
ENSP00000282908	ENSP00000264400	149
ENSP00000282908	ENSP00000264674	101
ENSP00000282908	ENSP00000265741	164
ENSP00000282908	ENSP00000266497	251
ENSP00000282908	ENSP00000270722	101
ENSP00000282908	ENSP00000278198	149
ENSP00000282908	ENSP00000286355	150
ENSP00000282908	ENSP00000298119	149
ENSP00000282908	ENSP00000305355	186
ENSP00000282908	ENSP00000310126	149
ENSP00000282908	ENSP00000318902	186
ENSP00000282908	ENSP00000321805	157
ENSP00000282908	ENSP00000336591	108
ENSP00000282908	ENSP00000338967	160
ENSP00000282908	ENSP00000342952	150
ENSP00000282908	ENSP00000347730	101
ENSP00000282908	ENSP00000348460	102
ENSP00000282908	ENSP00000350359	149
ENSP00000282908	ENSP00000354573	80
ENSP00000282908	ENSP00000361577	102
ENSP00000282908	ENSP00000363092	304
ENSP00000282908	ENSP00000371070	107
ENSP00000282908	ENSP00000379258	101
ENSP00000282908	ENSP00000384179	101
ENSP00000282908	ENSP00000385727	241
ENSP00000282908	ENSP00000386200	186
ENSP00000282908	ENSP00000386357	149
ENSP00000282908	ENSP00000419153	101
ENSP00000282908	ENSP00000422591	102
ENSP00000282908	ENSP00000430333	102
ENSP00000282908	ENSP00000431245	150
ENSP00000285900	ENSP00000253861	104
ENSP00000285900	ENSP00000282020	567
ENSP00000285900	ENSP00000282499	603
ENSP00000285900	ENSP00000330148	101
ENSP00000285900	ENSP00000332549	119
ENSP00000285900	ENSP00000345193	75
ENSP00000285900	ENSP00000348812	82
ENSP00000285900	ENSP00000352157	81
ENSP00000285900	ENSP00000381098	551
ENSP00000285900	ENSP00000397026	807
ENSP00000286063	ENSP00000035383	112
ENSP00000286063	ENSP00000260983	109
ENSP00000286063	ENSP00000278198	203
ENSP00000286063	ENSP00000286355	297
ENSP00000286063	ENSP00000298119	203
ENSP00000286063	ENSP00000310126	203
ENSP00000286063	ENSP00000321805	194
ENSP00000286063	ENSP00000342952	297
ENSP00000286063	ENSP00000361577	112
ENSP00000286063	ENSP00000363092	149
ENSP00000286063	ENSP00000379228	109
ENSP00000286063	ENSP00000385450	97
ENSP00000286063	ENSP00000386357	203
ENSP00000286063	ENSP00000422591	112
ENSP00000286063	ENSP00000430333	112
ENSP00000286063	ENSP00000431245	297
ENSP00000286063	ENSP00000457230	97
ENSP00000286355	ENSP00000262383	85
ENSP00000286355	ENSP00000264674	85
ENSP00000286355	ENSP00000270722	85
ENSP00000286355	ENSP00000280772	104
ENSP00000286355	ENSP00000282908	150
ENSP00000286355	ENSP00000286063	297
ENSP00000286355	ENSP00000305355	150
ENSP00000286355	ENSP00000321805	103
ENSP00000286355	ENSP00000332116	297
ENSP00000286355	ENSP00000342952	109
ENSP00000286355	ENSP00000345193	104
ENSP00000286355	ENSP00000345502	297
ENSP00000286355	ENSP00000347730	85
ENSP00000286355	ENSP00000348812	149
ENSP00000286355	ENSP00000349588	104
ENSP00000286355	ENSP00000354432	104
ENSP00000286355	ENSP00000363092	296
ENSP00000286355	ENSP00000370744	149
ENSP00000286355	ENSP00000374069	149
ENSP00000286355	ENSP00000379258	85
ENSP00000286355	ENSP00000381003	104
ENSP00000286355	ENSP00000384179	85
ENSP00000286355	ENSP00000418112	149
ENSP00000286355	ENSP00000419153	85
ENSP00000286355	ENSP00000438284	297
ENSP00000286355	ENSP00000449629	104
ENSP00000286355	ENSP00000450895	104
ENSP00000286355	ENSP00000451131	104
ENSP00000286827	ENSP00000273854	92
ENSP00000286827	ENSP00000280772	576
ENSP00000286827	ENSP00000305355	569
ENSP00000286827	ENSP00000337451	92
ENSP00000286827	ENSP00000363921	914
ENSP00000286827	ENSP00000381097	149
ENSP00000286827	ENSP00000418741	566
ENSP00000288221	ENSP00000330219	99
ENSP00000288221	ENSP00000334319	594
ENSP00000288221	ENSP00000428417	809
ENSP00000288221	ENSP00000450337	575
ENSP00000288368	ENSP00000253861	208
ENSP00000288490	ENSP00000338185	212
ENSP00000288490	ENSP00000340913	160
ENSP00000288490	ENSP00000402861	163
ENSP00000292896	ENSP00000419471	221
ENSP00000295095	ENSP00000321805	110
ENSP00000298119	ENSP00000264400	101
ENSP00000298119	ENSP00000265741	63
ENSP00000298119	ENSP00000280772	101
ENSP00000298119	ENSP00000282908	149
ENSP00000298119	ENSP00000286063	203
ENSP00000298119	ENSP00000305355	102
ENSP00000298119	ENSP00000321805	149
ENSP00000298119	ENSP00000332116	203
ENSP00000298119	ENSP00000337451	100
ENSP00000298119	ENSP00000345193	102
ENSP00000298119	ENSP00000345502	203
ENSP00000298119	ENSP00000348812	101
ENSP00000298119	ENSP00000349588	101
ENSP00000298119	ENSP00000354432	102
ENSP00000298119	ENSP00000363092	234
ENSP00000298119	ENSP00000365272	93
ENSP00000298119	ENSP00000380602	77
ENSP00000298119	ENSP00000381003	101
ENSP00000298119	ENSP00000390500	263
ENSP00000298119	ENSP00000418112	110
ENSP00000298119	ENSP00000438284	203
ENSP00000298119	ENSP00000449629	101
ENSP00000298119	ENSP00000450895	101
ENSP00000298119	ENSP00000451131	101
ENSP00000300305	ENSP00000206249	80
ENSP00000300305	ENSP00000262383	98
ENSP00000300305	ENSP00000386171	80
ENSP00000300305	ENSP00000408617	102
ENSP00000301831	ENSP00000322898	226
ENSP00000301831	ENSP00000363092	244
ENSP00000301831	ENSP00000385545	124
ENSP00000303153	ENSP00000351618	212
ENSP00000303153	ENSP00000363921	163
ENSP00000303153	ENSP00000365272	80
ENSP00000303153	ENSP00000381098	212
ENSP00000305355	ENSP00000035383	102
ENSP00000305355	ENSP00000262383	97
ENSP00000305355	ENSP00000262442	288
ENSP00000305355	ENSP00000264674	97
ENSP00000305355	ENSP00000265104	225
ENSP00000305355	ENSP00000265741	149
ENSP00000305355	ENSP00000266497	251
ENSP00000305355	ENSP00000270722	97
ENSP00000305355	ENSP00000278198	102
ENSP00000305355	ENSP00000280772	104
ENSP00000305355	ENSP00000282908	186
ENSP00000305355	ENSP00000286355	150
ENSP00000305355	ENSP00000286827	569
ENSP00000305355	ENSP00000298119	102
ENSP00000305355	ENSP00000306138	567
ENSP00000305355	ENSP00000310126	102
ENSP00000305355	ENSP00000311273	225
ENSP00000305355	ENSP00000318902	186
ENSP00000305355	ENSP00000321805	157
ENSP00000305355	ENSP00000330671	288
ENSP00000305355	ENSP00000332116	99
ENSP00000305355	ENSP00000333363	226
ENSP00000305355	ENSP00000334563	149
ENSP00000305355	ENSP00000336591	221
ENSP00000305355	ENSP00000337451	101
ENSP00000305355	ENSP00000338185	149
ENSP00000305355	ENSP00000338967	160
ENSP00000305355	ENSP00000342952	150
ENSP00000305355	ENSP00000345193	104
ENSP00000305355	ENSP00000345502	99
ENSP00000305355	ENSP00000347730	97
ENSP00000305355	ENSP00000349588	104
ENSP00000305355	ENSP00000350359	149
ENSP00000305355	ENSP00000352157	149
ENSP00000305355	ENSP00000353362	99
ENSP00000305355	ENSP00000354432	104
ENSP00000305355	ENSP00000361577	102
ENSP00000305355	ENSP00000363092	252
ENSP00000305355	ENSP00000378690	106
ENSP00000305355	ENSP00000379258	97
ENSP00000305355	ENSP00000381097	101
ENSP00000305355	ENSP00000381167	288
ENSP00000305355	ENSP00000384179	97
ENSP00000305355	ENSP00000385727	165
ENSP00000305355	ENSP00000386200	186
ENSP00000305355	ENSP00000386357	102
ENSP00000305355	ENSP00000402861	149
ENSP00000305355	ENSP00000419153	97
ENSP00000305355	ENSP00000422591	102
ENSP00000305355	ENSP00000430333	102
ENSP00000305355	ENSP00000431245	150
ENSP00000305824	ENSP00000251127	91
ENSP00000305824	ENSP00000266376	91
ENSP00000305824	ENSP00000271751	100
ENSP00000305824	ENSP00000307342	100
ENSP00000305824	ENSP00000320246	106
ENSP00000305824	ENSP00000321427	100
ENSP00000305824	ENSP00000328813	100
ENSP00000305824	ENSP00000331727	100
ENSP00000305941	ENSP00000374135	149
ENSP00000305941	ENSP00000424243	149
ENSP00000306138	ENSP00000305355	567
ENSP00000306138	ENSP00000332549	106
ENSP00000306138	ENSP00000345193	84
ENSP00000306138	ENSP00000346151	82
ENSP00000306138	ENSP00000373700	105
ENSP00000306772	ENSP00000379065	159
ENSP00000307134	ENSP00000035383	576
ENSP00000307134	ENSP00000264463	102
ENSP00000307134	ENSP00000274170	102
ENSP00000307134	ENSP00000321805	97
ENSP00000307134	ENSP00000346151	595
ENSP00000307134	ENSP00000349768	300
ENSP00000307134	ENSP00000354950	102
ENSP00000307134	ENSP00000371689	102
ENSP00000307134	ENSP00000381768	300
ENSP00000307134	ENSP00000408632	102
ENSP00000307134	ENSP00000429018	102
ENSP00000307134	ENSP00000429273	102
ENSP00000307134	ENSP00000458570	102
ENSP00000307134	ENSP00000461862	102
ENSP00000307134	ENSP00000462701	102
ENSP00000307342	ENSP00000305824	100
ENSP00000307342	ENSP00000333496	100
ENSP00000307342	ENSP00000345055	100
ENSP00000307342	ENSP00000373648	100
ENSP00000307342	ENSP00000419952	149
ENSP00000307342	ENSP00000430846	100
ENSP00000307634	ENSP00000354573	101
ENSP00000307634	ENSP00000354923	101
ENSP00000307634	ENSP00000356224	101
ENSP00000307634	ENSP00000356515	101
ENSP00000309117	ENSP00000281156	96
ENSP00000309117	ENSP00000348460	77
ENSP00000310126	ENSP00000262383	81
ENSP00000310126	ENSP00000264400	101
ENSP00000310126	ENSP00000265741	63
ENSP00000310126	ENSP00000280772	101
ENSP00000310126	ENSP00000282908	149
ENSP00000310126	ENSP00000286063	203
ENSP00000310126	ENSP00000305355	102
ENSP00000310126	ENSP00000321805	149
ENSP00000310126	ENSP00000331418	101
ENSP00000310126	ENSP00000332116	203
ENSP00000310126	ENSP00000341882	77
ENSP00000310126	ENSP00000345193	102
ENSP00000310126	ENSP00000345502	203
ENSP00000310126	ENSP00000348812	101
ENSP00000310126	ENSP00000349588	101
ENSP00000310126	ENSP00000354432	102
ENSP00000310126	ENSP00000363092	234
ENSP00000310126	ENSP00000365272	93
ENSP00000310126	ENSP00000379258	81
ENSP00000310126	ENSP00000381003	101
ENSP00000310126	ENSP00000381097	100
ENSP00000310126	ENSP00000390500	263
ENSP00000310126	ENSP00000417335	101
ENSP00000310126	ENSP00000438284	203
ENSP00000310126	ENSP00000449629	101
ENSP00000310126	ENSP00000450895	101
ENSP00000310126	ENSP00000451131	101
ENSP00000311273	ENSP00000251507	149
ENSP00000311273	ENSP00000264400	292
ENSP00000311273	ENSP00000265741	149
ENSP00000311273	ENSP00000265944	149
ENSP00000311273	ENSP00000305355	225
ENSP00000311273	ENSP00000334563	202
ENSP00000311273	ENSP00000349145	149
ENSP00000311273	ENSP00000385545	222
ENSP00000311273	ENSP00000386213	149
ENSP00000311837	ENSP00000279463	211
ENSP00000311837	ENSP00000325660	211
ENSP00000311837	ENSP00000341882	211
ENSP00000311837	ENSP00000354923	702
ENSP00000311837	ENSP00000356515	342
ENSP00000311837	ENSP00000380602	211
ENSP00000311837	ENSP00000385142	64
ENSP00000312185	ENSP00000256935	970
ENSP00000312185	ENSP00000266037	363
ENSP00000312185	ENSP00000280333	997
ENSP00000312185	ENSP00000404179	363
ENSP00000315465	ENSP00000346151	302
ENSP00000315465	ENSP00000385450	302
ENSP00000315465	ENSP00000389140	97
ENSP00000315465	ENSP00000402861	302
ENSP00000315568	ENSP00000260983	306
ENSP00000316377	ENSP00000332549	581
ENSP00000316377	ENSP00000345193	815
ENSP00000316377	ENSP00000346151	166
ENSP00000316377	ENSP00000365272	812
ENSP00000318902	ENSP00000262383	102
ENSP00000318902	ENSP00000264674	102
ENSP00000318902	ENSP00000265741	160
ENSP00000318902	ENSP00000270722	102
ENSP00000318902	ENSP00000280772	73
ENSP00000318902	ENSP00000282908	186
ENSP00000318902	ENSP00000305355	186
ENSP00000318902	ENSP00000345193	73
ENSP00000318902	ENSP00000347730	102
ENSP00000318902	ENSP00000379258	102
ENSP00000318902	ENSP00000384179	102
ENSP00000318902	ENSP00000386200	808
ENSP00000318902	ENSP00000408617	151
ENSP00000318902	ENSP00000419153	102
ENSP00000320025	ENSP00000251127	83
ENSP00000320025	ENSP00000266376	566
ENSP00000320025	ENSP00000349320	566
ENSP00000320025	ENSP00000353362	107
ENSP00000320025	ENSP00000356545	111
ENSP00000320025	ENSP00000419101	149
ENSP00000320246	ENSP00000305824	106
ENSP00000320246	ENSP00000333496	106
ENSP00000320246	ENSP00000345055	106
ENSP00000320246	ENSP00000373648	106
ENSP00000320246	ENSP00000402935	263
ENSP00000320246	ENSP00000430846	106
ENSP00000320509	ENSP00000370744	564
ENSP00000321348	ENSP00000321805	149
ENSP00000321427	ENSP00000271751	576
ENSP00000321427	ENSP00000305824	100
ENSP00000321427	ENSP00000333496	100
ENSP00000321427	ENSP00000345055	100
ENSP00000321427	ENSP00000365272	168
ENSP00000321427	ENSP00000373648	100
ENSP00000321427	ENSP00000419952	157
ENSP00000321427	ENSP00000430846	100
ENSP00000321805	ENSP00000035383	103
ENSP00000321805	ENSP00000206249	97
ENSP00000321805	ENSP00000240874	149
ENSP00000321805	ENSP00000251507	108
ENSP00000321805	ENSP00000253861	245
ENSP00000321805	ENSP00000262383	98
ENSP00000321805	ENSP00000264400	297
ENSP00000321805	ENSP00000264674	98
ENSP00000321805	ENSP00000265741	149
ENSP00000321805	ENSP00000265944	149
ENSP00000321805	ENSP00000266497	149
ENSP00000321805	ENSP00000270722	98
ENSP00000321805	ENSP00000272427	131
ENSP00000321805	ENSP00000273854	113
ENSP00000321805	ENSP00000278198	149
ENSP00000321805	ENSP00000282908	157
ENSP00000321805	ENSP00000286063	194
ENSP00000321805	ENSP00000286355	103
ENSP00000321805	ENSP00000295095	110
ENSP00000321805	ENSP00000298119	149
ENSP00000321805	ENSP00000305355	157
ENSP00000321805	ENSP00000307134	97
ENSP00000321805	ENSP00000310126	149
ENSP00000321805	ENSP00000321348	149
ENSP00000321805	ENSP00000332116	194
ENSP00000321805	ENSP00000334563	149
ENSP00000321805	ENSP00000337451	113
ENSP00000321805	ENSP00000338967	150
ENSP00000321805	ENSP00000339952	166
ENSP00000321805	ENSP00000342235	232
ENSP00000321805	ENSP00000342952	103
ENSP00000321805	ENSP00000345193	214
ENSP00000321805	ENSP00000345502	194
ENSP00000321805	ENSP00000347730	98
ENSP00000321805	ENSP00000348812	79
ENSP00000321805	ENSP00000349145	149
ENSP00000321805	ENSP00000352157	97
ENSP00000321805	ENSP00000361577	103
ENSP00000321805	ENSP00000363092	149
ENSP00000321805	ENSP00000371587	92
ENSP00000321805	ENSP00000374069	79
ENSP00000321805	ENSP00000374323	113
ENSP00000321805	ENSP00000378690	92
ENSP00000321805	ENSP00000379258	98
ENSP00000321805	ENSP00000381097	113
ENSP00000321805	ENSP00000384179	98
ENSP00000321805	ENSP00000385545	97
ENSP00000321805	ENSP00000386213	149
ENSP00000321805	ENSP00000386357	149
ENSP00000321805	ENSP00000390500	103
ENSP00000321805	ENSP00000402935	100
ENSP00000321805	ENSP00000418112	97
ENSP00000321805	ENSP00000419153	98
ENSP00000321805	ENSP00000422591	103
ENSP00000321805	ENSP00000430333	103
ENSP00000321805	ENSP00000431245	103
ENSP00000321805	ENSP00000438284	194
ENSP00000321805	ENSP00000446280	149
ENSP00000322898	ENSP00000262383	576
ENSP00000322898	ENSP00000301831	226
ENSP00000322898	ENSP00000379258	270
ENSP00000323194	ENSP00000240874	159
ENSP00000324857	ENSP00000273854	74
ENSP00000324857	ENSP00000337451	74
ENSP00000324857	ENSP00000354207	102
ENSP00000324857	ENSP00000374323	74
ENSP00000324857	ENSP00000381097	74
ENSP00000324948	ENSP00000398273	576
ENSP00000325506	ENSP00000253861	298
ENSP00000325506	ENSP00000272427	114
ENSP00000325506	ENSP00000446280	360
ENSP00000325660	ENSP00000263525	576
ENSP00000325660	ENSP00000275857	84
ENSP00000325660	ENSP00000280772	576
ENSP00000325660	ENSP00000311837	211
ENSP00000325660	ENSP00000332549	89
ENSP00000325660	ENSP00000342235	149
ENSP00000325660	ENSP00000354541	84
ENSP00000325660	ENSP00000402460	83
ENSP00000325660	ENSP00000418112	216
ENSP00000325660	ENSP00000429276	211
ENSP00000328813	ENSP00000305824	100
ENSP00000328813	ENSP00000333496	100
ENSP00000328813	ENSP00000345055	100
ENSP00000328813	ENSP00000373648	100
ENSP00000328813	ENSP00000419952	149
ENSP00000328813	ENSP00000430846	100
ENSP00000330148	ENSP00000282499	109
ENSP00000330148	ENSP00000285900	101
ENSP00000330148	ENSP00000365272	576
ENSP00000330219	ENSP00000288221	99
ENSP00000330671	ENSP00000251507	149
ENSP00000330671	ENSP00000264400	292
ENSP00000330671	ENSP00000265741	149
ENSP00000330671	ENSP00000265944	149
ENSP00000330671	ENSP00000305355	288
ENSP00000330671	ENSP00000334563	202
ENSP00000330671	ENSP00000349145	149
ENSP00000330671	ENSP00000385545	222
ENSP00000330671	ENSP00000386213	149
ENSP00000330862	ENSP00000350364	273
ENSP00000331418	ENSP00000265741	194
ENSP00000331418	ENSP00000310126	101
ENSP00000331418	ENSP00000342235	114
ENSP00000331418	ENSP00000342952	149
ENSP00000331418	ENSP00000357196	576
ENSP00000331418	ENSP00000363092	101
ENSP00000331418	ENSP00000365198	188
ENSP00000331418	ENSP00000374069	103
ENSP00000331418	ENSP00000418112	109
ENSP00000331418	ENSP00000422591	101
ENSP00000331418	ENSP00000430333	101
ENSP00000331418	ENSP00000431245	149
ENSP00000331418	ENSP00000446280	576
ENSP00000331418	ENSP00000449629	74
ENSP00000331418	ENSP00000450337	188
ENSP00000331727	ENSP00000305824	100
ENSP00000331727	ENSP00000333496	100
ENSP00000331727	ENSP00000345055	100
ENSP00000331727	ENSP00000365272	168
ENSP00000331727	ENSP00000373648	100
ENSP00000331727	ENSP00000419952	157
ENSP00000331727	ENSP00000430846	100
ENSP00000331912	ENSP00000417901	64
ENSP00000332116	ENSP00000035383	112
ENSP00000332116	ENSP00000260983	109
ENSP00000332116	ENSP00000278198	203
ENSP00000332116	ENSP00000286355	297
ENSP00000332116	ENSP00000298119	203
ENSP00000332116	ENSP00000305355	99
ENSP00000332116	ENSP00000310126	203
ENSP00000332116	ENSP00000321805	194
ENSP00000332116	ENSP00000342952	297
ENSP00000332116	ENSP00000361577	112
ENSP00000332116	ENSP00000363092	151
ENSP00000332116	ENSP00000379228	109
ENSP00000332116	ENSP00000385450	97
ENSP00000332116	ENSP00000386357	203
ENSP00000332116	ENSP00000422591	112
ENSP00000332116	ENSP00000430333	112
ENSP00000332116	ENSP00000431245	297
ENSP00000332116	ENSP00000457230	97
ENSP00000332549	ENSP00000035383	91
ENSP00000332549	ENSP00000282499	99
ENSP00000332549	ENSP00000282753	106
ENSP00000332549	ENSP00000285900	119
ENSP00000332549	ENSP00000306138	106
ENSP00000332549	ENSP00000316377	581
ENSP00000332549	ENSP00000325660	89
ENSP00000332549	ENSP00000344173	95
ENSP00000332549	ENSP00000345193	123
ENSP00000332549	ENSP00000346151	99
ENSP00000332549	ENSP00000350348	95
ENSP00000332549	ENSP00000363092	64
ENSP00000332549	ENSP00000365272	822
ENSP00000332549	ENSP00000380602	89
ENSP00000332549	ENSP00000397026	99
ENSP00000332931	ENSP00000349320	278
ENSP00000332931	ENSP00000349588	602
ENSP00000332931	ENSP00000370744	146
ENSP00000332931	ENSP00000419101	102
ENSP00000333363	ENSP00000251507	149
ENSP00000333363	ENSP00000264400	292
ENSP00000333363	ENSP00000265741	149
ENSP00000333363	ENSP00000265944	149
ENSP00000333363	ENSP00000266497	102
ENSP00000333363	ENSP00000305355	226
ENSP00000333363	ENSP00000334563	202
ENSP00000333363	ENSP00000337451	83
ENSP00000333363	ENSP00000349145	149
ENSP00000333363	ENSP00000356224	65
ENSP00000333363	ENSP00000385545	222
ENSP00000333363	ENSP00000386213	149
ENSP00000333363	ENSP00000417901	76
ENSP00000333496	ENSP00000251127	91
ENSP00000333496	ENSP00000266376	91
ENSP00000333496	ENSP00000271751	100
ENSP00000333496	ENSP00000307342	100
ENSP00000333496	ENSP00000320246	106
ENSP00000333496	ENSP00000321427	100
ENSP00000333496	ENSP00000328813	100
ENSP00000333496	ENSP00000331727	100
ENSP00000333496	ENSP00000353362	91
ENSP00000333496	ENSP00000365272	101
ENSP00000333496	ENSP00000367001	812
ENSP00000333496	ENSP00000371587	585
ENSP00000333496	ENSP00000376855	576
ENSP00000333496	ENSP00000430846	97
ENSP00000333568	ENSP00000269305	551
ENSP00000334319	ENSP00000260323	76
ENSP00000334319	ENSP00000288221	594
ENSP00000334563	ENSP00000253861	430
ENSP00000334563	ENSP00000262442	202
ENSP00000334563	ENSP00000265104	202
ENSP00000334563	ENSP00000272427	300
ENSP00000334563	ENSP00000305355	149
ENSP00000334563	ENSP00000311273	202
ENSP00000334563	ENSP00000321805	149
ENSP00000334563	ENSP00000330671	202
ENSP00000334563	ENSP00000333363	202
ENSP00000334563	ENSP00000336591	116
ENSP00000334563	ENSP00000354573	105
ENSP00000334563	ENSP00000354923	105
ENSP00000334563	ENSP00000356224	105
ENSP00000334563	ENSP00000356515	105
ENSP00000334563	ENSP00000363092	104
ENSP00000334563	ENSP00000371587	158
ENSP00000334563	ENSP00000378690	211
ENSP00000334563	ENSP00000381167	202
ENSP00000334563	ENSP00000385545	105
ENSP00000336591	ENSP00000251507	164
ENSP00000336591	ENSP00000264400	150
ENSP00000336591	ENSP00000265741	299
ENSP00000336591	ENSP00000266497	102
ENSP00000336591	ENSP00000269305	570
ENSP00000336591	ENSP00000276297	278
ENSP00000336591	ENSP00000282908	108
ENSP00000336591	ENSP00000305355	221
ENSP00000336591	ENSP00000334563	116
ENSP00000336591	ENSP00000381003	155
ENSP00000336591	ENSP00000393066	101
ENSP00000336591	ENSP00000451131	155
ENSP00000336752	ENSP00000408617	630
ENSP00000336752	ENSP00000457230	485
ENSP00000337451	ENSP00000206249	63
ENSP00000337451	ENSP00000262383	80
ENSP00000337451	ENSP00000264674	80
ENSP00000337451	ENSP00000265362	74
ENSP00000337451	ENSP00000265741	107
ENSP00000337451	ENSP00000266497	88
ENSP00000337451	ENSP00000269305	576
ENSP00000337451	ENSP00000270722	80
ENSP00000337451	ENSP00000280772	110
ENSP00000337451	ENSP00000286827	92
ENSP00000337451	ENSP00000298119	100
ENSP00000337451	ENSP00000305355	101
ENSP00000337451	ENSP00000321805	113
ENSP00000337451	ENSP00000324857	74
ENSP00000337451	ENSP00000333363	83
ENSP00000337451	ENSP00000342235	101
ENSP00000337451	ENSP00000347730	80
ENSP00000337451	ENSP00000348812	74
ENSP00000337451	ENSP00000349588	110
ENSP00000337451	ENSP00000357196	74
ENSP00000337451	ENSP00000363092	98
ENSP00000337451	ENSP00000365272	77
ENSP00000337451	ENSP00000371587	96
ENSP00000337451	ENSP00000371936	74
ENSP00000337451	ENSP00000374069	74
ENSP00000337451	ENSP00000379258	80
ENSP00000337451	ENSP00000381098	96
ENSP00000337451	ENSP00000384179	80
ENSP00000337451	ENSP00000417335	94
ENSP00000337451	ENSP00000418112	74
ENSP00000337451	ENSP00000419153	80
ENSP00000337451	ENSP00000419471	105
ENSP00000337451	ENSP00000420321	94
ENSP00000337451	ENSP00000422591	100
ENSP00000337451	ENSP00000430333	100
ENSP00000337451	ENSP00000457230	89
ENSP00000337946	ENSP00000355865	450
ENSP00000338082	ENSP00000419471	221
ENSP00000338185	ENSP00000266497	149
ENSP00000338185	ENSP00000280772	83
ENSP00000338185	ENSP00000288490	212
ENSP00000338185	ENSP00000305355	149
ENSP00000338185	ENSP00000349588	83
ENSP00000338185	ENSP00000363092	149
ENSP00000338185	ENSP00000363921	564
ENSP00000338185	ENSP00000370744	81
ENSP00000338343	ENSP00000354923	149
ENSP00000338343	ENSP00000356515	146
ENSP00000338349	ENSP00000354541	570
ENSP00000338967	ENSP00000266497	149
ENSP00000338967	ENSP00000282908	160
ENSP00000338967	ENSP00000305355	160
ENSP00000338967	ENSP00000321805	150
ENSP00000339952	ENSP00000035383	576
ENSP00000339952	ENSP00000262462	237
ENSP00000339952	ENSP00000321805	166
ENSP00000339952	ENSP00000342235	299
ENSP00000339952	ENSP00000348812	102
ENSP00000339952	ENSP00000359489	226
ENSP00000339952	ENSP00000418112	149
ENSP00000340913	ENSP00000288490	160
ENSP00000340913	ENSP00000354923	101
ENSP00000340913	ENSP00000356515	101
ENSP00000341662	ENSP00000262462	131
ENSP00000341662	ENSP00000408617	206
ENSP00000341882	ENSP00000275857	84
ENSP00000341882	ENSP00000310126	77
ENSP00000341882	ENSP00000311837	211
ENSP00000341882	ENSP00000342235	149
ENSP00000341882	ENSP00000348812	87
ENSP00000341882	ENSP00000354541	84
ENSP00000341882	ENSP00000418112	237
ENSP00000341882	ENSP00000429276	211
ENSP00000342087	ENSP00000348812	75
ENSP00000342087	ENSP00000362283	75
ENSP00000342087	ENSP00000418112	75
ENSP00000342235	ENSP00000035383	83
ENSP00000342235	ENSP00000206249	149
ENSP00000342235	ENSP00000269305	566
ENSP00000342235	ENSP00000273854	101
ENSP00000342235	ENSP00000278198	287
ENSP00000342235	ENSP00000279463	149
ENSP00000342235	ENSP00000280772	99
ENSP00000342235	ENSP00000321805	232
ENSP00000342235	ENSP00000325660	149
ENSP00000342235	ENSP00000331418	114
ENSP00000342235	ENSP00000337451	101
ENSP00000342235	ENSP00000339952	299
ENSP00000342235	ENSP00000341882	149
ENSP00000342235	ENSP00000345193	99
ENSP00000342235	ENSP00000346440	238
ENSP00000342235	ENSP00000348812	114
ENSP00000342235	ENSP00000349275	979
ENSP00000342235	ENSP00000349588	99
ENSP00000342235	ENSP00000350359	110
ENSP00000342235	ENSP00000357196	114
ENSP00000342235	ENSP00000361214	576
ENSP00000342235	ENSP00000362217	254
ENSP00000342235	ENSP00000362283	114
ENSP00000342235	ENSP00000365272	570
ENSP00000342235	ENSP00000373700	362
ENSP00000342235	ENSP00000374069	114
ENSP00000342235	ENSP00000379258	97
ENSP00000342235	ENSP00000380602	149
ENSP00000342235	ENSP00000381097	101
ENSP00000342235	ENSP00000384004	231
ENSP00000342235	ENSP00000386171	149
ENSP00000342235	ENSP00000418112	114
ENSP00000342235	ENSP00000422591	83
ENSP00000342235	ENSP00000430333	83
ENSP00000342235	ENSP00000449629	308
ENSP00000342235	ENSP00000457230	936
ENSP00000342952	ENSP00000262383	85
ENSP00000342952	ENSP00000264674	85
ENSP00000342952	ENSP00000270722	85
ENSP00000342952	ENSP00000280772	104
ENSP00000342952	ENSP00000282908	150
ENSP00000342952	ENSP00000286063	297
ENSP00000342952	ENSP00000286355	109
ENSP00000342952	ENSP00000305355	150
ENSP00000342952	ENSP00000321805	103
ENSP00000342952	ENSP00000331418	149
ENSP00000342952	ENSP00000332116	297
ENSP00000342952	ENSP00000345193	104
ENSP00000342952	ENSP00000345502	297
ENSP00000342952	ENSP00000347730	85
ENSP00000342952	ENSP00000348812	149
ENSP00000342952	ENSP00000349588	104
ENSP00000342952	ENSP00000354432	104
ENSP00000342952	ENSP00000363092	296
ENSP00000342952	ENSP00000370744	149
ENSP00000342952	ENSP00000379258	85
ENSP00000342952	ENSP00000381003	104
ENSP00000342952	ENSP00000384179	85
ENSP00000342952	ENSP00000418112	149
ENSP00000342952	ENSP00000419153	85
ENSP00000342952	ENSP00000438284	297
ENSP00000342952	ENSP00000449629	104
ENSP00000342952	ENSP00000450895	104
ENSP00000342952	ENSP00000451131	104
ENSP00000343764	ENSP00000354923	67
ENSP00000343764	ENSP00000356515	67
ENSP00000344173	ENSP00000332549	95
ENSP00000344173	ENSP00000373700	105
ENSP00000344976	ENSP00000348812	97
ENSP00000344976	ENSP00000362283	74
ENSP00000344976	ENSP00000418112	78
ENSP00000345055	ENSP00000251127	91
ENSP00000345055	ENSP00000266376	91
ENSP00000345055	ENSP00000271751	100
ENSP00000345055	ENSP00000307342	100
ENSP00000345055	ENSP00000320246	106
ENSP00000345055	ENSP00000321427	100
ENSP00000345055	ENSP00000328813	100
ENSP00000345055	ENSP00000331727	100
ENSP00000345055	ENSP00000353362	91
ENSP00000345055	ENSP00000373648	576
ENSP00000345193	ENSP00000035383	101
ENSP00000345193	ENSP00000240874	69
ENSP00000345193	ENSP00000251127	87
ENSP00000345193	ENSP00000262189	91
ENSP00000345193	ENSP00000262383	91
ENSP00000345193	ENSP00000264674	91
ENSP00000345193	ENSP00000265741	149
ENSP00000345193	ENSP00000266376	87
ENSP00000345193	ENSP00000266497	105
ENSP00000345193	ENSP00000270722	91
ENSP00000345193	ENSP00000273854	110
ENSP00000345193	ENSP00000278198	102
ENSP00000345193	ENSP00000282753	84
ENSP00000345193	ENSP00000285900	75
ENSP00000345193	ENSP00000286355	104
ENSP00000345193	ENSP00000298119	102
ENSP00000345193	ENSP00000305355	104
ENSP00000345193	ENSP00000306138	84
ENSP00000345193	ENSP00000310126	102
ENSP00000345193	ENSP00000316377	815
ENSP00000345193	ENSP00000318902	73
ENSP00000345193	ENSP00000321805	214
ENSP00000345193	ENSP00000332549	123
ENSP00000345193	ENSP00000342235	99
ENSP00000345193	ENSP00000342952	104
ENSP00000345193	ENSP00000345502	587
ENSP00000345193	ENSP00000347730	91
ENSP00000345193	ENSP00000348812	74
ENSP00000345193	ENSP00000353362	87
ENSP00000345193	ENSP00000361577	101
ENSP00000345193	ENSP00000362283	74
ENSP00000345193	ENSP00000363092	82
ENSP00000345193	ENSP00000365272	75
ENSP00000345193	ENSP00000371070	101
ENSP00000345193	ENSP00000374323	110
ENSP00000345193	ENSP00000379258	91
ENSP00000345193	ENSP00000381003	75
ENSP00000345193	ENSP00000384179	91
ENSP00000345193	ENSP00000386200	73
ENSP00000345193	ENSP00000386357	102
ENSP00000345193	ENSP00000397026	75
ENSP00000345193	ENSP00000404179	79
ENSP00000345193	ENSP00000408617	102
ENSP00000345193	ENSP00000418112	75
ENSP00000345193	ENSP00000419153	91
ENSP00000345193	ENSP00000422591	101
ENSP00000345193	ENSP00000430333	101
ENSP00000345193	ENSP00000431245	104
ENSP00000345193	ENSP00000451131	75
ENSP00000345502	ENSP00000035383	112
ENSP00000345502	ENSP00000260983	109
ENSP00000345502	ENSP00000278198	203
ENSP00000345502	ENSP00000280979	576
ENSP00000345502	ENSP00000286355	297
ENSP00000345502	ENSP00000298119	203
ENSP00000345502	ENSP00000305355	99
ENSP00000345502	ENSP00000310126	203
ENSP00000345502	ENSP00000321805	194
ENSP00000345502	ENSP00000342952	297
ENSP00000345502	ENSP00000345193	587
ENSP00000345502	ENSP00000358363	576
ENSP00000345502	ENSP00000361577	112
ENSP00000345502	ENSP00000363092	151
ENSP00000345502	ENSP00000379228	109
ENSP00000345502	ENSP00000385450	97
ENSP00000345502	ENSP00000386357	203
ENSP00000345502	ENSP00000422591	112
ENSP00000345502	ENSP00000430333	112
ENSP00000345502	ENSP00000431245	297
ENSP00000345502	ENSP00000457230	97
ENSP00000346151	ENSP00000275857	96
ENSP00000346151	ENSP00000282020	576
ENSP00000346151	ENSP00000282753	82
ENSP00000346151	ENSP00000306138	82
ENSP00000346151	ENSP00000307134	595
ENSP00000346151	ENSP00000315465	302
ENSP00000346151	ENSP00000316377	166
ENSP00000346151	ENSP00000332549	99
ENSP00000346151	ENSP00000349768	83
ENSP00000346151	ENSP00000350348	82
ENSP00000346151	ENSP00000351618	102
ENSP00000346151	ENSP00000354541	96
ENSP00000346151	ENSP00000381098	102
ENSP00000346151	ENSP00000381768	107
ENSP00000346440	ENSP00000280772	100
ENSP00000346440	ENSP00000342235	238
ENSP00000346440	ENSP00000355865	530
ENSP00000346440	ENSP00000386200	84
ENSP00000347730	ENSP00000265741	98
ENSP00000347730	ENSP00000273854	80
ENSP00000347730	ENSP00000280772	91
ENSP00000347730	ENSP00000282908	101
ENSP00000347730	ENSP00000286355	85
ENSP00000347730	ENSP00000305355	97
ENSP00000347730	ENSP00000318902	102
ENSP00000347730	ENSP00000321805	98
ENSP00000347730	ENSP00000337451	80
ENSP00000347730	ENSP00000342952	85
ENSP00000347730	ENSP00000345193	91
ENSP00000347730	ENSP00000349145	65
ENSP00000347730	ENSP00000349588	91
ENSP00000347730	ENSP00000350359	87
ENSP00000347730	ENSP00000360552	83
ENSP00000347730	ENSP00000363092	149
ENSP00000347730	ENSP00000374323	80
ENSP00000347730	ENSP00000378690	100
ENSP00000347730	ENSP00000379065	102
ENSP00000347730	ENSP00000381003	149
ENSP00000347730	ENSP00000381097	80
ENSP00000347730	ENSP00000386200	102
ENSP00000347730	ENSP00000390500	108
ENSP00000347730	ENSP00000408617	105
ENSP00000347730	ENSP00000419471	75
ENSP00000347730	ENSP00000446280	149
ENSP00000347730	ENSP00000451131	101
ENSP00000348460	ENSP00000282908	102
ENSP00000348460	ENSP00000309117	77
ENSP00000348460	ENSP00000365272	149
ENSP00000348812	ENSP00000240874	467
ENSP00000348812	ENSP00000265741	194
ENSP00000348812	ENSP00000273854	74
ENSP00000348812	ENSP00000278198	101
ENSP00000348812	ENSP00000285900	82
ENSP00000348812	ENSP00000286355	149
ENSP00000348812	ENSP00000298119	101
ENSP00000348812	ENSP00000310126	101
ENSP00000348812	ENSP00000321805	79
ENSP00000348812	ENSP00000337451	74
ENSP00000348812	ENSP00000339952	102
ENSP00000348812	ENSP00000341882	87
ENSP00000348812	ENSP00000342087	75
ENSP00000348812	ENSP00000342235	114
ENSP00000348812	ENSP00000342952	149
ENSP00000348812	ENSP00000344976	97
ENSP00000348812	ENSP00000345193	74
ENSP00000348812	ENSP00000363092	101
ENSP00000348812	ENSP00000365198	188
ENSP00000348812	ENSP00000373700	91
ENSP00000348812	ENSP00000380602	87
ENSP00000348812	ENSP00000381097	74
ENSP00000348812	ENSP00000418112	109
ENSP00000348812	ENSP00000422591	101
ENSP00000348812	ENSP00000430333	101
ENSP00000348812	ENSP00000431245	149
ENSP00000348812	ENSP00000449629	74
ENSP00000348812	ENSP00000450337	708
ENSP00000349145	ENSP00000253861	310
ENSP00000349145	ENSP00000262442	149
ENSP00000349145	ENSP00000265104	149
ENSP00000349145	ENSP00000272427	205
ENSP00000349145	ENSP00000311273	149
ENSP00000349145	ENSP00000321805	149
ENSP00000349145	ENSP00000330671	149
ENSP00000349145	ENSP00000333363	149
ENSP00000349145	ENSP00000347730	65
ENSP00000349145	ENSP00000354573	105
ENSP00000349145	ENSP00000354923	105
ENSP00000349145	ENSP00000356224	105
ENSP00000349145	ENSP00000356515	105
ENSP00000349145	ENSP00000371587	158
ENSP00000349145	ENSP00000378690	158
ENSP00000349145	ENSP00000381003	80
ENSP00000349145	ENSP00000381167	149
ENSP00000349145	ENSP00000385142	302
ENSP00000349145	ENSP00000385545	105
ENSP00000349275	ENSP00000342235	979
ENSP00000349320	ENSP00000251127	71
ENSP00000349320	ENSP00000266376	83
ENSP00000349320	ENSP00000320025	566
ENSP00000349320	ENSP00000332931	278
ENSP00000349320	ENSP00000353362	74
ENSP00000349588	ENSP00000035383	101
ENSP00000349588	ENSP00000240874	69
ENSP00000349588	ENSP00000262189	91
ENSP00000349588	ENSP00000262383	91
ENSP00000349588	ENSP00000264674	91
ENSP00000349588	ENSP00000265741	149
ENSP00000349588	ENSP00000266376	87
ENSP00000349588	ENSP00000266497	105
ENSP00000349588	ENSP00000270722	91
ENSP00000349588	ENSP00000273854	110
ENSP00000349588	ENSP00000278198	101
ENSP00000349588	ENSP00000286355	104
ENSP00000349588	ENSP00000298119	101
ENSP00000349588	ENSP00000305355	104
ENSP00000349588	ENSP00000310126	101
ENSP00000349588	ENSP00000332931	602
ENSP00000349588	ENSP00000337451	110
ENSP00000349588	ENSP00000338185	83
ENSP00000349588	ENSP00000342235	99
ENSP00000349588	ENSP00000342952	104
ENSP00000349588	ENSP00000347730	91
ENSP00000349588	ENSP00000353362	87
ENSP00000349588	ENSP00000354923	592
ENSP00000349588	ENSP00000361577	101
ENSP00000349588	ENSP00000370744	77
ENSP00000349588	ENSP00000374323	110
ENSP00000349588	ENSP00000379258	91
ENSP00000349588	ENSP00000381003	75
ENSP00000349588	ENSP00000381097	110
ENSP00000349588	ENSP00000384179	91
ENSP00000349588	ENSP00000384197	63
ENSP00000349588	ENSP00000386357	101
ENSP00000349588	ENSP00000402861	83
ENSP00000349588	ENSP00000408617	102
ENSP00000349588	ENSP00000419153	91
ENSP00000349588	ENSP00000422591	101
ENSP00000349588	ENSP00000430333	101
ENSP00000349588	ENSP00000431245	104
ENSP00000349588	ENSP00000451131	75
ENSP00000349768	ENSP00000307134	300
ENSP00000349768	ENSP00000346151	83
ENSP00000349768	ENSP00000354950	299
ENSP00000349768	ENSP00000381768	81
ENSP00000349768	ENSP00000418191	110
ENSP00000350032	ENSP00000265944	76
ENSP00000350032	ENSP00000365272	97
ENSP00000350032	ENSP00000386213	76
ENSP00000350348	ENSP00000332549	95
ENSP00000350348	ENSP00000346151	82
ENSP00000350348	ENSP00000373700	105
ENSP00000350359	ENSP00000262383	87
ENSP00000350359	ENSP00000264674	87
ENSP00000350359	ENSP00000270722	87
ENSP00000350359	ENSP00000282908	149
ENSP00000350359	ENSP00000305355	149
ENSP00000350359	ENSP00000342235	110
ENSP00000350359	ENSP00000347730	87
ENSP00000350359	ENSP00000352157	263
ENSP00000350359	ENSP00000363092	224
ENSP00000350359	ENSP00000373277	149
ENSP00000350359	ENSP00000379258	87
ENSP00000350359	ENSP00000381003	102
ENSP00000350359	ENSP00000384179	87
ENSP00000350359	ENSP00000408617	149
ENSP00000350359	ENSP00000419153	87
ENSP00000350359	ENSP00000451131	102
ENSP00000350364	ENSP00000330862	273
ENSP00000350364	ENSP00000396722	354
ENSP00000350364	ENSP00000419000	354
ENSP00000351068	ENSP00000385806	576
ENSP00000351346	ENSP00000371587	149
ENSP00000351346	ENSP00000378690	241
ENSP00000351346	ENSP00000446280	671
ENSP00000351618	ENSP00000303153	212
ENSP00000351618	ENSP00000346151	102
ENSP00000351618	ENSP00000424243	178
ENSP00000352157	ENSP00000264674	79
ENSP00000352157	ENSP00000265741	98
ENSP00000352157	ENSP00000265944	344
ENSP00000352157	ENSP00000269305	576
ENSP00000352157	ENSP00000282499	83
ENSP00000352157	ENSP00000285900	81
ENSP00000352157	ENSP00000305355	149
ENSP00000352157	ENSP00000321805	97
ENSP00000352157	ENSP00000350359	263
ENSP00000352157	ENSP00000362283	81
ENSP00000352157	ENSP00000386213	344
ENSP00000352157	ENSP00000408617	570
ENSP00000352157	ENSP00000418112	101
ENSP00000353362	ENSP00000240874	120
ENSP00000353362	ENSP00000261205	576
ENSP00000353362	ENSP00000261655	120
ENSP00000353362	ENSP00000280772	87
ENSP00000353362	ENSP00000305355	99
ENSP00000353362	ENSP00000320025	107
ENSP00000353362	ENSP00000333496	91
ENSP00000353362	ENSP00000345055	91
ENSP00000353362	ENSP00000345193	87
ENSP00000353362	ENSP00000349320	74
ENSP00000353362	ENSP00000349588	87
ENSP00000353362	ENSP00000367075	576
ENSP00000353362	ENSP00000371587	100
ENSP00000353362	ENSP00000373648	91
ENSP00000353362	ENSP00000379228	120
ENSP00000353362	ENSP00000419101	74
ENSP00000353362	ENSP00000419952	131
ENSP00000353362	ENSP00000430846	91
ENSP00000353362	ENSP00000446280	120
ENSP00000354207	ENSP00000265362	102
ENSP00000354207	ENSP00000324857	102
ENSP00000354207	ENSP00000371936	102
ENSP00000354207	ENSP00000424243	87
ENSP00000354432	ENSP00000035383	101
ENSP00000354432	ENSP00000262189	91
ENSP00000354432	ENSP00000265741	149
ENSP00000354432	ENSP00000266497	105
ENSP00000354432	ENSP00000278198	102
ENSP00000354432	ENSP00000286355	104
ENSP00000354432	ENSP00000298119	102
ENSP00000354432	ENSP00000305355	104
ENSP00000354432	ENSP00000310126	102
ENSP00000354432	ENSP00000342952	104
ENSP00000354432	ENSP00000361577	101
ENSP00000354432	ENSP00000381003	75
ENSP00000354432	ENSP00000386357	102
ENSP00000354432	ENSP00000408617	102
ENSP00000354432	ENSP00000422591	101
ENSP00000354432	ENSP00000430333	101
ENSP00000354432	ENSP00000431245	104
ENSP00000354432	ENSP00000451131	75
ENSP00000354541	ENSP00000279463	84
ENSP00000354541	ENSP00000325660	84
ENSP00000354541	ENSP00000338349	570
ENSP00000354541	ENSP00000341882	84
ENSP00000354541	ENSP00000346151	96
ENSP00000354541	ENSP00000365272	574
ENSP00000354541	ENSP00000380602	84
ENSP00000354541	ENSP00000384197	74
ENSP00000354541	ENSP00000385142	809
ENSP00000354573	ENSP00000260983	306
ENSP00000354573	ENSP00000265944	105
ENSP00000354573	ENSP00000282908	80
ENSP00000354573	ENSP00000307634	101
ENSP00000354573	ENSP00000334563	105
ENSP00000354573	ENSP00000349145	105
ENSP00000354573	ENSP00000354778	302
ENSP00000354573	ENSP00000385142	302
ENSP00000354573	ENSP00000386213	105
ENSP00000354573	ENSP00000403954	100
ENSP00000354573	ENSP00000418741	302
ENSP00000354778	ENSP00000354573	302
ENSP00000354923	ENSP00000265944	105
ENSP00000354923	ENSP00000280772	79
ENSP00000354923	ENSP00000307634	101
ENSP00000354923	ENSP00000311837	702
ENSP00000354923	ENSP00000334563	105
ENSP00000354923	ENSP00000338343	149
ENSP00000354923	ENSP00000340913	101
ENSP00000354923	ENSP00000343764	67
ENSP00000354923	ENSP00000349145	105
ENSP00000354923	ENSP00000349588	592
ENSP00000354923	ENSP00000356515	567
ENSP00000354923	ENSP00000371512	623
ENSP00000354923	ENSP00000373215	576
ENSP00000354923	ENSP00000384197	101
ENSP00000354923	ENSP00000386213	105
ENSP00000354923	ENSP00000398481	576
ENSP00000354923	ENSP00000418191	213
ENSP00000354923	ENSP00000424243	84
ENSP00000354923	ENSP00000429276	702
ENSP00000354950	ENSP00000307134	102
ENSP00000354950	ENSP00000349768	299
ENSP00000354950	ENSP00000381768	864
ENSP00000355533	ENSP00000266376	576
ENSP00000355533	ENSP00000280979	810
ENSP00000355533	ENSP00000373884	576
ENSP00000355865	ENSP00000337946	450
ENSP00000355865	ENSP00000346440	530
ENSP00000355865	ENSP00000386171	567
ENSP00000355865	ENSP00000408617	247
ENSP00000356224	ENSP00000262189	105
ENSP00000356224	ENSP00000265944	105
ENSP00000356224	ENSP00000280772	79
ENSP00000356224	ENSP00000307634	101
ENSP00000356224	ENSP00000333363	65
ENSP00000356224	ENSP00000334563	105
ENSP00000356224	ENSP00000349145	105
ENSP00000356224	ENSP00000386213	105
ENSP00000356515	ENSP00000265944	105
ENSP00000356515	ENSP00000280772	79
ENSP00000356515	ENSP00000307634	101
ENSP00000356515	ENSP00000311837	342
ENSP00000356515	ENSP00000334563	105
ENSP00000356515	ENSP00000338343	146
ENSP00000356515	ENSP00000340913	101
ENSP00000356515	ENSP00000343764	67
ENSP00000356515	ENSP00000349145	105
ENSP00000356515	ENSP00000354923	567
ENSP00000356515	ENSP00000371512	96
ENSP00000356515	ENSP00000384197	101
ENSP00000356515	ENSP00000386213	105
ENSP00000356515	ENSP00000418191	213
ENSP00000356515	ENSP00000424243	84
ENSP00000356515	ENSP00000429276	342
ENSP00000356545	ENSP00000320025	111
ENSP00000357196	ENSP00000265741	194
ENSP00000357196	ENSP00000331418	576
ENSP00000357196	ENSP00000337451	74
ENSP00000357196	ENSP00000342235	114
ENSP00000357196	ENSP00000363092	101
ENSP00000357196	ENSP00000365198	188
ENSP00000357196	ENSP00000373700	91
ENSP00000357196	ENSP00000418112	109
ENSP00000357196	ENSP00000431245	149
ENSP00000357196	ENSP00000449629	74
ENSP00000357196	ENSP00000450337	188
ENSP00000358363	ENSP00000345502	576
ENSP00000359211	ENSP00000365272	240
ENSP00000359489	ENSP00000339952	226
ENSP00000360231	ENSP00000431748	893
ENSP00000360552	ENSP00000347730	83
ENSP00000360552	ENSP00000379258	582
ENSP00000361214	ENSP00000342235	576
ENSP00000361577	ENSP00000264674	71
ENSP00000361577	ENSP00000265741	63
ENSP00000361577	ENSP00000280772	101
ENSP00000361577	ENSP00000282908	102
ENSP00000361577	ENSP00000286063	112
ENSP00000361577	ENSP00000305355	102
ENSP00000361577	ENSP00000321805	103
ENSP00000361577	ENSP00000332116	112
ENSP00000361577	ENSP00000345193	101
ENSP00000361577	ENSP00000345502	112
ENSP00000361577	ENSP00000349588	101
ENSP00000361577	ENSP00000354432	101
ENSP00000361577	ENSP00000363092	150
ENSP00000361577	ENSP00000381003	101
ENSP00000361577	ENSP00000390500	167
ENSP00000361577	ENSP00000408617	216
ENSP00000361577	ENSP00000430128	346
ENSP00000361577	ENSP00000438284	112
ENSP00000361577	ENSP00000449629	101
ENSP00000361577	ENSP00000450895	101
ENSP00000361577	ENSP00000451131	101
ENSP00000362217	ENSP00000342235	254
ENSP00000362283	ENSP00000265741	194
ENSP00000362283	ENSP00000273854	74
ENSP00000362283	ENSP00000342087	75
ENSP00000362283	ENSP00000342235	114
ENSP00000362283	ENSP00000344976	74
ENSP00000362283	ENSP00000345193	74
ENSP00000362283	ENSP00000352157	81
ENSP00000362283	ENSP00000363092	101
ENSP00000362283	ENSP00000365198	188
ENSP00000362283	ENSP00000418112	109
ENSP00000362283	ENSP00000422591	101
ENSP00000362283	ENSP00000430333	101
ENSP00000362283	ENSP00000431245	149
ENSP00000362283	ENSP00000449629	74
ENSP00000362283	ENSP00000450337	188
ENSP00000363092	ENSP00000035383	150
ENSP00000363092	ENSP00000260983	306
ENSP00000363092	ENSP00000262383	149
ENSP00000363092	ENSP00000264400	228
ENSP00000363092	ENSP00000264674	149
ENSP00000363092	ENSP00000265944	97
ENSP00000363092	ENSP00000266497	100
ENSP00000363092	ENSP00000270722	149
ENSP00000363092	ENSP00000273854	98
ENSP00000363092	ENSP00000278198	234
ENSP00000363092	ENSP00000280772	82
ENSP00000363092	ENSP00000282908	304
ENSP00000363092	ENSP00000286063	149
ENSP00000363092	ENSP00000286355	296
ENSP00000363092	ENSP00000298119	234
ENSP00000363092	ENSP00000301831	244
ENSP00000363092	ENSP00000305355	252
ENSP00000363092	ENSP00000310126	234
ENSP00000363092	ENSP00000321805	149
ENSP00000363092	ENSP00000331418	101
ENSP00000363092	ENSP00000332116	151
ENSP00000363092	ENSP00000332549	64
ENSP00000363092	ENSP00000334563	104
ENSP00000363092	ENSP00000337451	98
ENSP00000363092	ENSP00000338185	149
ENSP00000363092	ENSP00000342952	296
ENSP00000363092	ENSP00000345193	82
ENSP00000363092	ENSP00000345502	151
ENSP00000363092	ENSP00000347730	149
ENSP00000363092	ENSP00000348812	101
ENSP00000363092	ENSP00000350359	224
ENSP00000363092	ENSP00000357196	101
ENSP00000363092	ENSP00000361577	150
ENSP00000363092	ENSP00000362283	101
ENSP00000363092	ENSP00000374069	101
ENSP00000363092	ENSP00000374323	98
ENSP00000363092	ENSP00000379258	149
ENSP00000363092	ENSP00000381003	149
ENSP00000363092	ENSP00000381097	98
ENSP00000363092	ENSP00000384179	149
ENSP00000363092	ENSP00000385806	126
ENSP00000363092	ENSP00000386213	97
ENSP00000363092	ENSP00000386357	234
ENSP00000363092	ENSP00000402861	149
ENSP00000363092	ENSP00000418112	108
ENSP00000363092	ENSP00000419153	149
ENSP00000363092	ENSP00000422591	150
ENSP00000363092	ENSP00000430333	150
ENSP00000363092	ENSP00000431245	296
ENSP00000363092	ENSP00000438284	149
ENSP00000363092	ENSP00000446280	106
ENSP00000363092	ENSP00000451131	96
ENSP00000363921	ENSP00000269305	353
ENSP00000363921	ENSP00000286827	914
ENSP00000363921	ENSP00000303153	163
ENSP00000363921	ENSP00000338185	564
ENSP00000363921	ENSP00000365272	277
ENSP00000363921	ENSP00000381003	436
ENSP00000363921	ENSP00000384197	285
ENSP00000363921	ENSP00000424243	147
ENSP00000365198	ENSP00000331418	188
ENSP00000365198	ENSP00000348812	188
ENSP00000365198	ENSP00000357196	188
ENSP00000365198	ENSP00000362283	188
ENSP00000365198	ENSP00000418112	102
ENSP00000365272	ENSP00000035383	69
ENSP00000365272	ENSP00000262383	70
ENSP00000365272	ENSP00000265741	63
ENSP00000365272	ENSP00000265944	90
ENSP00000365272	ENSP00000271751	168
ENSP00000365272	ENSP00000273854	77
ENSP00000365272	ENSP00000278198	93
ENSP00000365272	ENSP00000279463	63
ENSP00000365272	ENSP00000282020	576
ENSP00000365272	ENSP00000298119	93
ENSP00000365272	ENSP00000303153	80
ENSP00000365272	ENSP00000310126	93
ENSP00000365272	ENSP00000316377	812
ENSP00000365272	ENSP00000321427	168
ENSP00000365272	ENSP00000330148	576
ENSP00000365272	ENSP00000331727	168
ENSP00000365272	ENSP00000332549	822
ENSP00000365272	ENSP00000333496	101
ENSP00000365272	ENSP00000337451	77
ENSP00000365272	ENSP00000342235	570
ENSP00000365272	ENSP00000345193	75
ENSP00000365272	ENSP00000348460	149
ENSP00000365272	ENSP00000350032	97
ENSP00000365272	ENSP00000354541	574
ENSP00000365272	ENSP00000359211	240
ENSP00000365272	ENSP00000363921	277
ENSP00000365272	ENSP00000373648	101
ENSP00000365272	ENSP00000374323	77
ENSP00000365272	ENSP00000380602	63
ENSP00000365272	ENSP00000381003	296
ENSP00000365272	ENSP00000381097	77
ENSP00000365272	ENSP00000386213	90
ENSP00000365272	ENSP00000386357	93
ENSP00000365272	ENSP00000424243	80
ENSP00000365272	ENSP00000431245	566
ENSP00000365301	ENSP00000264363	149
ENSP00000365895	ENSP00000440896	286
ENSP00000366246	ENSP00000264363	149
ENSP00000366246	ENSP00000366267	228
ENSP00000366267	ENSP00000264363	236
ENSP00000366267	ENSP00000366246	228
ENSP00000367001	ENSP00000262189	95
ENSP00000367001	ENSP00000333496	812
ENSP00000367064	ENSP00000375907	564
ENSP00000367075	ENSP00000353362	576
ENSP00000370744	ENSP00000280772	77
ENSP00000370744	ENSP00000286355	149
ENSP00000370744	ENSP00000320509	564
ENSP00000370744	ENSP00000332931	146
ENSP00000370744	ENSP00000338185	81
ENSP00000370744	ENSP00000342952	149
ENSP00000370744	ENSP00000349588	77
ENSP00000371070	ENSP00000282908	107
ENSP00000371070	ENSP00000345193	101
ENSP00000371512	ENSP00000354923	623
ENSP00000371512	ENSP00000356515	96
ENSP00000371587	ENSP00000265944	158
ENSP00000371587	ENSP00000266376	100
ENSP00000371587	ENSP00000321805	92
ENSP00000371587	ENSP00000333496	585
ENSP00000371587	ENSP00000334563	158
ENSP00000371587	ENSP00000337451	96
ENSP00000371587	ENSP00000349145	158
ENSP00000371587	ENSP00000351346	149
ENSP00000371587	ENSP00000353362	100
ENSP00000371587	ENSP00000384179	100
ENSP00000371587	ENSP00000385545	85
ENSP00000371587	ENSP00000386213	158
ENSP00000371587	ENSP00000390500	94
ENSP00000371689	ENSP00000274170	574
ENSP00000371689	ENSP00000307134	102
ENSP00000371936	ENSP00000273854	74
ENSP00000371936	ENSP00000337451	74
ENSP00000371936	ENSP00000354207	102
ENSP00000371936	ENSP00000374323	74
ENSP00000371936	ENSP00000381097	74
ENSP00000373215	ENSP00000354923	576
ENSP00000373277	ENSP00000350359	149
ENSP00000373648	ENSP00000251127	91
ENSP00000373648	ENSP00000266376	91
ENSP00000373648	ENSP00000271751	100
ENSP00000373648	ENSP00000307342	100
ENSP00000373648	ENSP00000320246	106
ENSP00000373648	ENSP00000321427	100
ENSP00000373648	ENSP00000328813	100
ENSP00000373648	ENSP00000331727	100
ENSP00000373648	ENSP00000345055	576
ENSP00000373648	ENSP00000353362	91
ENSP00000373648	ENSP00000365272	101
ENSP00000373700	ENSP00000206249	75
ENSP00000373700	ENSP00000282753	105
ENSP00000373700	ENSP00000306138	105
ENSP00000373700	ENSP00000342235	362
ENSP00000373700	ENSP00000344173	105
ENSP00000373700	ENSP00000348812	91
ENSP00000373700	ENSP00000350348	105
ENSP00000373700	ENSP00000357196	91
ENSP00000373700	ENSP00000386171	75
ENSP00000373700	ENSP00000418112	338
ENSP00000373700	ENSP00000422533	119
ENSP00000373884	ENSP00000355533	576
ENSP00000374069	ENSP00000206249	74
ENSP00000374069	ENSP00000240874	102
ENSP00000374069	ENSP00000265741	194
ENSP00000374069	ENSP00000280772	74
ENSP00000374069	ENSP00000286355	149
ENSP00000374069	ENSP00000321805	79
ENSP00000374069	ENSP00000331418	103
ENSP00000374069	ENSP00000337451	74
ENSP00000374069	ENSP00000342235	114
ENSP00000374069	ENSP00000363092	101
ENSP00000374069	ENSP00000422591	101
ENSP00000374069	ENSP00000430333	101
ENSP00000374135	ENSP00000305941	149
ENSP00000374135	ENSP00000400365	253
ENSP00000374323	ENSP00000262383	80
ENSP00000374323	ENSP00000264674	80
ENSP00000374323	ENSP00000265104	83
ENSP00000374323	ENSP00000265362	74
ENSP00000374323	ENSP00000265741	107
ENSP00000374323	ENSP00000266497	88
ENSP00000374323	ENSP00000270722	80
ENSP00000374323	ENSP00000280772	110
ENSP00000374323	ENSP00000321805	113
ENSP00000374323	ENSP00000324857	74
ENSP00000374323	ENSP00000345193	110
ENSP00000374323	ENSP00000347730	80
ENSP00000374323	ENSP00000349588	110
ENSP00000374323	ENSP00000363092	98
ENSP00000374323	ENSP00000365272	77
ENSP00000374323	ENSP00000371936	74
ENSP00000374323	ENSP00000379258	80
ENSP00000374323	ENSP00000384179	80
ENSP00000374323	ENSP00000417335	94
ENSP00000374323	ENSP00000419153	80
ENSP00000374323	ENSP00000419471	105
ENSP00000374323	ENSP00000420321	94
ENSP00000374323	ENSP00000422591	100
ENSP00000374323	ENSP00000430333	100
ENSP00000375907	ENSP00000367064	564
ENSP00000376855	ENSP00000333496	576
ENSP00000378690	ENSP00000251127	100
ENSP00000378690	ENSP00000262383	100
ENSP00000378690	ENSP00000264674	100
ENSP00000378690	ENSP00000265944	158
ENSP00000378690	ENSP00000266376	100
ENSP00000378690	ENSP00000270722	100
ENSP00000378690	ENSP00000280772	83
ENSP00000378690	ENSP00000305355	106
ENSP00000378690	ENSP00000321805	92
ENSP00000378690	ENSP00000334563	211
ENSP00000378690	ENSP00000347730	100
ENSP00000378690	ENSP00000349145	158
ENSP00000378690	ENSP00000351346	241
ENSP00000378690	ENSP00000379258	100
ENSP00000378690	ENSP00000384179	100
ENSP00000378690	ENSP00000385545	85
ENSP00000378690	ENSP00000386213	158
ENSP00000378690	ENSP00000390500	94
ENSP00000378690	ENSP00000408617	96
ENSP00000378690	ENSP00000419153	100
ENSP00000379065	ENSP00000262383	102
ENSP00000379065	ENSP00000264400	96
ENSP00000379065	ENSP00000264674	102
ENSP00000379065	ENSP00000270722	102
ENSP00000379065	ENSP00000306772	159
ENSP00000379065	ENSP00000347730	102
ENSP00000379065	ENSP00000379258	102
ENSP00000379065	ENSP00000384179	102
ENSP00000379065	ENSP00000419153	102
ENSP00000379228	ENSP00000260983	306
ENSP00000379228	ENSP00000265741	102
ENSP00000379228	ENSP00000269305	576
ENSP00000379228	ENSP00000286063	109
ENSP00000379228	ENSP00000332116	109
ENSP00000379228	ENSP00000345502	109
ENSP00000379228	ENSP00000353362	120
ENSP00000379228	ENSP00000404705	169
ENSP00000379228	ENSP00000417335	99
ENSP00000379228	ENSP00000419471	87
ENSP00000379228	ENSP00000420321	99
ENSP00000379228	ENSP00000438284	109
ENSP00000379258	ENSP00000206249	74
ENSP00000379258	ENSP00000265741	98
ENSP00000379258	ENSP00000273854	80
ENSP00000379258	ENSP00000280772	91
ENSP00000379258	ENSP00000282908	101
ENSP00000379258	ENSP00000286355	85
ENSP00000379258	ENSP00000305355	97
ENSP00000379258	ENSP00000310126	81
ENSP00000379258	ENSP00000318902	102
ENSP00000379258	ENSP00000321805	98
ENSP00000379258	ENSP00000322898	270
ENSP00000379258	ENSP00000337451	80
ENSP00000379258	ENSP00000342235	97
ENSP00000379258	ENSP00000342952	85
ENSP00000379258	ENSP00000345193	91
ENSP00000379258	ENSP00000349588	91
ENSP00000379258	ENSP00000350359	87
ENSP00000379258	ENSP00000360552	582
ENSP00000379258	ENSP00000363092	149
ENSP00000379258	ENSP00000374323	80
ENSP00000379258	ENSP00000378690	100
ENSP00000379258	ENSP00000379065	102
ENSP00000379258	ENSP00000381003	149
ENSP00000379258	ENSP00000381097	80
ENSP00000379258	ENSP00000386200	102
ENSP00000379258	ENSP00000390500	108
ENSP00000379258	ENSP00000408617	105
ENSP00000379258	ENSP00000419471	75
ENSP00000379258	ENSP00000430333	71
ENSP00000379258	ENSP00000446280	149
ENSP00000379258	ENSP00000451131	101
ENSP00000380602	ENSP00000275857	84
ENSP00000380602	ENSP00000278198	77
ENSP00000380602	ENSP00000298119	77
ENSP00000380602	ENSP00000311837	211
ENSP00000380602	ENSP00000332549	89
ENSP00000380602	ENSP00000342235	149
ENSP00000380602	ENSP00000348812	87
ENSP00000380602	ENSP00000354541	84
ENSP00000380602	ENSP00000365272	63
ENSP00000380602	ENSP00000386357	77
ENSP00000380602	ENSP00000418112	679
ENSP00000380602	ENSP00000429276	211
ENSP00000380602	ENSP00000430333	63
ENSP00000380603	ENSP00000260983	306
ENSP00000381003	ENSP00000035383	101
ENSP00000381003	ENSP00000262189	96
ENSP00000381003	ENSP00000262383	149
ENSP00000381003	ENSP00000264674	149
ENSP00000381003	ENSP00000265741	109
ENSP00000381003	ENSP00000270722	149
ENSP00000381003	ENSP00000278198	101
ENSP00000381003	ENSP00000280772	75
ENSP00000381003	ENSP00000286355	104
ENSP00000381003	ENSP00000298119	101
ENSP00000381003	ENSP00000310126	101
ENSP00000381003	ENSP00000336591	155
ENSP00000381003	ENSP00000342952	104
ENSP00000381003	ENSP00000345193	75
ENSP00000381003	ENSP00000347730	149
ENSP00000381003	ENSP00000349145	80
ENSP00000381003	ENSP00000349588	75
ENSP00000381003	ENSP00000350359	102
ENSP00000381003	ENSP00000354432	75
ENSP00000381003	ENSP00000361577	101
ENSP00000381003	ENSP00000363092	149
ENSP00000381003	ENSP00000363921	436
ENSP00000381003	ENSP00000365272	296
ENSP00000381003	ENSP00000379258	149
ENSP00000381003	ENSP00000384179	149
ENSP00000381003	ENSP00000385545	99
ENSP00000381003	ENSP00000386357	101
ENSP00000381003	ENSP00000408617	101
ENSP00000381003	ENSP00000419153	149
ENSP00000381003	ENSP00000422591	101
ENSP00000381003	ENSP00000430333	101
ENSP00000381003	ENSP00000431245	104
ENSP00000381003	ENSP00000449629	75
ENSP00000381003	ENSP00000450895	75
ENSP00000381097	ENSP00000262383	80
ENSP00000381097	ENSP00000264674	80
ENSP00000381097	ENSP00000265362	74
ENSP00000381097	ENSP00000265741	107
ENSP00000381097	ENSP00000266497	88
ENSP00000381097	ENSP00000270722	80
ENSP00000381097	ENSP00000280772	110
ENSP00000381097	ENSP00000286827	149
ENSP00000381097	ENSP00000305355	101
ENSP00000381097	ENSP00000310126	100
ENSP00000381097	ENSP00000321805	113
ENSP00000381097	ENSP00000324857	74
ENSP00000381097	ENSP00000342235	101
ENSP00000381097	ENSP00000347730	80
ENSP00000381097	ENSP00000348812	74
ENSP00000381097	ENSP00000349588	110
ENSP00000381097	ENSP00000363092	98
ENSP00000381097	ENSP00000365272	77
ENSP00000381097	ENSP00000371936	74
ENSP00000381097	ENSP00000379258	80
ENSP00000381097	ENSP00000381098	109
ENSP00000381097	ENSP00000384179	80
ENSP00000381097	ENSP00000417335	94
ENSP00000381097	ENSP00000418112	74
ENSP00000381097	ENSP00000419153	80
ENSP00000381097	ENSP00000419471	105
ENSP00000381097	ENSP00000420321	94
ENSP00000381097	ENSP00000422591	100
ENSP00000381097	ENSP00000430333	100
ENSP00000381097	ENSP00000446280	75
ENSP00000381097	ENSP00000457230	89
ENSP00000381098	ENSP00000035383	75
ENSP00000381098	ENSP00000206249	980
ENSP00000381098	ENSP00000253861	104
ENSP00000381098	ENSP00000269305	133
ENSP00000381098	ENSP00000273854	96
ENSP00000381098	ENSP00000282499	551
ENSP00000381098	ENSP00000285900	551
ENSP00000381098	ENSP00000303153	212
ENSP00000381098	ENSP00000337451	96
ENSP00000381098	ENSP00000346151	102
ENSP00000381098	ENSP00000381097	109
ENSP00000381098	ENSP00000397026	798
ENSP00000381098	ENSP00000424243	178
ENSP00000381167	ENSP00000251507	149
ENSP00000381167	ENSP00000264400	292
ENSP00000381167	ENSP00000265741	149
ENSP00000381167	ENSP00000265944	149
ENSP00000381167	ENSP00000273854	83
ENSP00000381167	ENSP00000305355	288
ENSP00000381167	ENSP00000334563	202
ENSP00000381167	ENSP00000349145	149
ENSP00000381167	ENSP00000385545	222
ENSP00000381167	ENSP00000386213	149
ENSP00000381768	ENSP00000253812	81
ENSP00000381768	ENSP00000265944	75
ENSP00000381768	ENSP00000307134	300
ENSP00000381768	ENSP00000346151	107
ENSP00000381768	ENSP00000349768	81
ENSP00000381768	ENSP00000354950	864
ENSP00000381768	ENSP00000408632	81
ENSP00000381768	ENSP00000418191	110
ENSP00000383303	ENSP00000389140	149
ENSP00000384004	ENSP00000342235	231
ENSP00000384179	ENSP00000206249	74
ENSP00000384179	ENSP00000265741	98
ENSP00000384179	ENSP00000273854	80
ENSP00000384179	ENSP00000280772	91
ENSP00000384179	ENSP00000282908	101
ENSP00000384179	ENSP00000286355	85
ENSP00000384179	ENSP00000305355	97
ENSP00000384179	ENSP00000318902	102
ENSP00000384179	ENSP00000321805	98
ENSP00000384179	ENSP00000337451	80
ENSP00000384179	ENSP00000342952	85
ENSP00000384179	ENSP00000345193	91
ENSP00000384179	ENSP00000349588	91
ENSP00000384179	ENSP00000350359	87
ENSP00000384179	ENSP00000363092	149
ENSP00000384179	ENSP00000371587	100
ENSP00000384179	ENSP00000374323	80
ENSP00000384179	ENSP00000378690	100
ENSP00000384179	ENSP00000379065	102
ENSP00000384179	ENSP00000381003	149
ENSP00000384179	ENSP00000381097	80
ENSP00000384179	ENSP00000386200	102
ENSP00000384179	ENSP00000390500	108
ENSP00000384179	ENSP00000408617	105
ENSP00000384179	ENSP00000419471	75
ENSP00000384179	ENSP00000430333	71
ENSP00000384179	ENSP00000446280	149
ENSP00000384179	ENSP00000451131	101
ENSP00000384193	ENSP00000271588	812
ENSP00000384197	ENSP00000275857	74
ENSP00000384197	ENSP00000280772	63
ENSP00000384197	ENSP00000349588	63
ENSP00000384197	ENSP00000354541	74
ENSP00000384197	ENSP00000354923	101
ENSP00000384197	ENSP00000356515	101
ENSP00000384197	ENSP00000363921	285
ENSP00000384197	ENSP00000385806	303
ENSP00000385142	ENSP00000261205	570
ENSP00000385142	ENSP00000311837	64
ENSP00000385142	ENSP00000349145	302
ENSP00000385142	ENSP00000354541	809
ENSP00000385142	ENSP00000354573	302
ENSP00000385143	ENSP00000389140	238
ENSP00000385450	ENSP00000265741	89
ENSP00000385450	ENSP00000286063	97
ENSP00000385450	ENSP00000315465	302
ENSP00000385450	ENSP00000332116	97
ENSP00000385450	ENSP00000345502	97
ENSP00000385450	ENSP00000438284	97
ENSP00000385545	ENSP00000262442	222
ENSP00000385545	ENSP00000265104	222
ENSP00000385545	ENSP00000265741	102
ENSP00000385545	ENSP00000265944	105
ENSP00000385545	ENSP00000301831	124
ENSP00000385545	ENSP00000311273	222
ENSP00000385545	ENSP00000321805	97
ENSP00000385545	ENSP00000330671	222
ENSP00000385545	ENSP00000333363	222
ENSP00000385545	ENSP00000334563	105
ENSP00000385545	ENSP00000349145	105
ENSP00000385545	ENSP00000371587	85
ENSP00000385545	ENSP00000378690	85
ENSP00000385545	ENSP00000381003	99
ENSP00000385545	ENSP00000381167	222
ENSP00000385545	ENSP00000386213	105
ENSP00000385545	ENSP00000451131	99
ENSP00000385727	ENSP00000282908	241
ENSP00000385727	ENSP00000305355	165
ENSP00000385806	ENSP00000351068	576
ENSP00000385806	ENSP00000363092	126
ENSP00000385806	ENSP00000384197	303
ENSP00000385806	ENSP00000418191	244
ENSP00000386171	ENSP00000300305	80
ENSP00000386171	ENSP00000342235	149
ENSP00000386171	ENSP00000355865	567
ENSP00000386171	ENSP00000373700	75
ENSP00000386200	ENSP00000262383	102
ENSP00000386200	ENSP00000264674	102
ENSP00000386200	ENSP00000265741	160
ENSP00000386200	ENSP00000270722	102
ENSP00000386200	ENSP00000282908	186
ENSP00000386200	ENSP00000305355	186
ENSP00000386200	ENSP00000318902	808
ENSP00000386200	ENSP00000345193	73
ENSP00000386200	ENSP00000346440	84
ENSP00000386200	ENSP00000347730	102
ENSP00000386200	ENSP00000379258	102
ENSP00000386200	ENSP00000384179	102
ENSP00000386200	ENSP00000408617	151
ENSP00000386200	ENSP00000419153	102
ENSP00000386213	ENSP00000253861	310
ENSP00000386213	ENSP00000262442	149
ENSP00000386213	ENSP00000265104	149
ENSP00000386213	ENSP00000272427	205
ENSP00000386213	ENSP00000311273	149
ENSP00000386213	ENSP00000321805	149
ENSP00000386213	ENSP00000330671	149
ENSP00000386213	ENSP00000333363	149
ENSP00000386213	ENSP00000350032	76
ENSP00000386213	ENSP00000352157	344
ENSP00000386213	ENSP00000354573	105
ENSP00000386213	ENSP00000354923	105
ENSP00000386213	ENSP00000356224	105
ENSP00000386213	ENSP00000356515	105
ENSP00000386213	ENSP00000363092	97
ENSP00000386213	ENSP00000365272	90
ENSP00000386213	ENSP00000371587	158
ENSP00000386213	ENSP00000378690	158
ENSP00000386213	ENSP00000381167	149
ENSP00000386213	ENSP00000385545	105
ENSP00000386357	ENSP00000251507	98
ENSP00000386357	ENSP00000264400	101
ENSP00000386357	ENSP00000265741	63
ENSP00000386357	ENSP00000280772	101
ENSP00000386357	ENSP00000282908	149
ENSP00000386357	ENSP00000286063	203
ENSP00000386357	ENSP00000305355	102
ENSP00000386357	ENSP00000321805	149
ENSP00000386357	ENSP00000332116	203
ENSP00000386357	ENSP00000345193	102
ENSP00000386357	ENSP00000345502	203
ENSP00000386357	ENSP00000349588	101
ENSP00000386357	ENSP00000354432	102
ENSP00000386357	ENSP00000363092	234
ENSP00000386357	ENSP00000365272	93
ENSP00000386357	ENSP00000380602	77
ENSP00000386357	ENSP00000381003	101
ENSP00000386357	ENSP00000390500	263
ENSP00000386357	ENSP00000420321	101
ENSP00000386357	ENSP00000438284	203
ENSP00000386357	ENSP00000449629	101
ENSP00000386357	ENSP00000450895	101
ENSP00000386357	ENSP00000451131	101
ENSP00000389140	ENSP00000240874	323
ENSP00000389140	ENSP00000315465	97
ENSP00000389140	ENSP00000383303	149
ENSP00000389140	ENSP00000385143	238
ENSP00000389140	ENSP00000406022	238
ENSP00000389140	ENSP00000417335	99
ENSP00000389140	ENSP00000420321	149
ENSP00000390500	ENSP00000035383	167
ENSP00000390500	ENSP00000262383	108
ENSP00000390500	ENSP00000264674	108
ENSP00000390500	ENSP00000265741	75
ENSP00000390500	ENSP00000270722	108
ENSP00000390500	ENSP00000278198	263
ENSP00000390500	ENSP00000298119	263
ENSP00000390500	ENSP00000310126	263
ENSP00000390500	ENSP00000321805	103
ENSP00000390500	ENSP00000347730	108
ENSP00000390500	ENSP00000361577	167
ENSP00000390500	ENSP00000371587	94
ENSP00000390500	ENSP00000378690	94
ENSP00000390500	ENSP00000379258	108
ENSP00000390500	ENSP00000384179	108
ENSP00000390500	ENSP00000386357	263
ENSP00000390500	ENSP00000419153	108
ENSP00000390500	ENSP00000422591	167
ENSP00000390500	ENSP00000430333	167
ENSP00000392423	ENSP00000433378	576
ENSP00000392423	ENSP00000435300	576
ENSP00000393066	ENSP00000336591	101
ENSP00000396722	ENSP00000350364	354
ENSP00000396722	ENSP00000419000	354
ENSP00000397026	ENSP00000282020	567
ENSP00000397026	ENSP00000285900	807
ENSP00000397026	ENSP00000332549	99
ENSP00000397026	ENSP00000345193	75
ENSP00000397026	ENSP00000381098	798
ENSP00000397026	ENSP00000404063	564
ENSP00000398273	ENSP00000324948	576
ENSP00000398481	ENSP00000354923	576
ENSP00000400365	ENSP00000374135	253
ENSP00000402460	ENSP00000325660	83
ENSP00000402861	ENSP00000266497	149
ENSP00000402861	ENSP00000280772	83
ENSP00000402861	ENSP00000288490	163
ENSP00000402861	ENSP00000305355	149
ENSP00000402861	ENSP00000315465	302
ENSP00000402861	ENSP00000349588	83
ENSP00000402861	ENSP00000363092	149
ENSP00000402935	ENSP00000320246	263
ENSP00000402935	ENSP00000321805	100
ENSP00000403954	ENSP00000354573	100
ENSP00000404063	ENSP00000397026	564
ENSP00000404179	ENSP00000312185	363
ENSP00000404179	ENSP00000345193	79
ENSP00000404705	ENSP00000260983	169
ENSP00000404705	ENSP00000379228	169
ENSP00000406022	ENSP00000389140	238
ENSP00000408617	ENSP00000206249	576
ENSP00000408617	ENSP00000262189	220
ENSP00000408617	ENSP00000262383	105
ENSP00000408617	ENSP00000264674	105
ENSP00000408617	ENSP00000265741	103
ENSP00000408617	ENSP00000269305	576
ENSP00000408617	ENSP00000270722	105
ENSP00000408617	ENSP00000280772	102
ENSP00000408617	ENSP00000300305	102
ENSP00000408617	ENSP00000318902	151
ENSP00000408617	ENSP00000336752	630
ENSP00000408617	ENSP00000341662	206
ENSP00000408617	ENSP00000345193	102
ENSP00000408617	ENSP00000347730	105
ENSP00000408617	ENSP00000349588	102
ENSP00000408617	ENSP00000350359	149
ENSP00000408617	ENSP00000352157	570
ENSP00000408617	ENSP00000354432	102
ENSP00000408617	ENSP00000355865	247
ENSP00000408617	ENSP00000361577	216
ENSP00000408617	ENSP00000378690	96
ENSP00000408617	ENSP00000379258	105
ENSP00000408617	ENSP00000381003	101
ENSP00000408617	ENSP00000384179	105
ENSP00000408617	ENSP00000386200	151
ENSP00000408617	ENSP00000419153	105
ENSP00000408617	ENSP00000449629	102
ENSP00000408617	ENSP00000450895	102
ENSP00000408617	ENSP00000451131	101
ENSP00000408632	ENSP00000307134	102
ENSP00000408632	ENSP00000381768	81
ENSP00000411096	ENSP00000262189	75
ENSP00000413496	ENSP00000264363	149
ENSP00000417335	ENSP00000260983	99
ENSP00000417335	ENSP00000273854	94
ENSP00000417335	ENSP00000310126	101
ENSP00000417335	ENSP00000337451	94
ENSP00000417335	ENSP00000374323	94
ENSP00000417335	ENSP00000379228	99
ENSP00000417335	ENSP00000381097	94
ENSP00000417335	ENSP00000389140	99
ENSP00000417335	ENSP00000420321	576
ENSP00000417335	ENSP00000422591	750
ENSP00000417335	ENSP00000424243	187
ENSP00000417335	ENSP00000430333	750
ENSP00000417901	ENSP00000276297	576
ENSP00000417901	ENSP00000331912	64
ENSP00000417901	ENSP00000333363	76
ENSP00000418112	ENSP00000240874	298
ENSP00000418112	ENSP00000265741	263
ENSP00000418112	ENSP00000273854	74
ENSP00000418112	ENSP00000278198	110
ENSP00000418112	ENSP00000279463	237
ENSP00000418112	ENSP00000286355	149
ENSP00000418112	ENSP00000298119	110
ENSP00000418112	ENSP00000321805	97
ENSP00000418112	ENSP00000325660	216
ENSP00000418112	ENSP00000331418	109
ENSP00000418112	ENSP00000337451	74
ENSP00000418112	ENSP00000339952	149
ENSP00000418112	ENSP00000341882	237
ENSP00000418112	ENSP00000342087	75
ENSP00000418112	ENSP00000342235	114
ENSP00000418112	ENSP00000342952	149
ENSP00000418112	ENSP00000344976	78
ENSP00000418112	ENSP00000345193	75
ENSP00000418112	ENSP00000348812	109
ENSP00000418112	ENSP00000352157	101
ENSP00000418112	ENSP00000357196	109
ENSP00000418112	ENSP00000362283	109
ENSP00000418112	ENSP00000363092	108
ENSP00000418112	ENSP00000365198	102
ENSP00000418112	ENSP00000373700	338
ENSP00000418112	ENSP00000380602	679
ENSP00000418112	ENSP00000381097	74
ENSP00000418112	ENSP00000422591	101
ENSP00000418112	ENSP00000430333	101
ENSP00000418112	ENSP00000431245	149
ENSP00000418112	ENSP00000450337	631
ENSP00000418191	ENSP00000349768	110
ENSP00000418191	ENSP00000354923	213
ENSP00000418191	ENSP00000356515	213
ENSP00000418191	ENSP00000381768	110
ENSP00000418191	ENSP00000385806	244
ENSP00000418741	ENSP00000286827	566
ENSP00000418741	ENSP00000354573	302
ENSP00000419000	ENSP00000350364	354
ENSP00000419000	ENSP00000396722	354
ENSP00000419101	ENSP00000251127	71
ENSP00000419101	ENSP00000266376	88
ENSP00000419101	ENSP00000320025	149
ENSP00000419101	ENSP00000332931	102
ENSP00000419101	ENSP00000353362	74
ENSP00000419153	ENSP00000265741	98
ENSP00000419153	ENSP00000273854	80
ENSP00000419153	ENSP00000280772	91
ENSP00000419153	ENSP00000282908	101
ENSP00000419153	ENSP00000286355	85
ENSP00000419153	ENSP00000305355	97
ENSP00000419153	ENSP00000318902	102
ENSP00000419153	ENSP00000321805	98
ENSP00000419153	ENSP00000337451	80
ENSP00000419153	ENSP00000342952	85
ENSP00000419153	ENSP00000345193	91
ENSP00000419153	ENSP00000349588	91
ENSP00000419153	ENSP00000350359	87
ENSP00000419153	ENSP00000363092	149
ENSP00000419153	ENSP00000374323	80
ENSP00000419153	ENSP00000378690	100
ENSP00000419153	ENSP00000379065	102
ENSP00000419153	ENSP00000381003	149
ENSP00000419153	ENSP00000381097	80
ENSP00000419153	ENSP00000386200	102
ENSP00000419153	ENSP00000390500	108
ENSP00000419153	ENSP00000408617	105
ENSP00000419153	ENSP00000419471	75
ENSP00000419153	ENSP00000446280	149
ENSP00000419153	ENSP00000450895	91
ENSP00000419153	ENSP00000451131	101
ENSP00000419471	ENSP00000260983	87
ENSP00000419471	ENSP00000262383	75
ENSP00000419471	ENSP00000264674	75
ENSP00000419471	ENSP00000265741	150
ENSP00000419471	ENSP00000266497	282
ENSP00000419471	ENSP00000270722	75
ENSP00000419471	ENSP00000273854	105
ENSP00000419471	ENSP00000292896	221
ENSP00000419471	ENSP00000337451	105
ENSP00000419471	ENSP00000338082	221
ENSP00000419471	ENSP00000347730	75
ENSP00000419471	ENSP00000374323	105
ENSP00000419471	ENSP00000379228	87
ENSP00000419471	ENSP00000379258	75
ENSP00000419471	ENSP00000381097	105
ENSP00000419471	ENSP00000384179	75
ENSP00000419471	ENSP00000419153	75
ENSP00000419952	ENSP00000251127	131
ENSP00000419952	ENSP00000266376	131
ENSP00000419952	ENSP00000271751	157
ENSP00000419952	ENSP00000307342	149
ENSP00000419952	ENSP00000321427	157
ENSP00000419952	ENSP00000328813	149
ENSP00000419952	ENSP00000331727	157
ENSP00000419952	ENSP00000353362	131
ENSP00000420321	ENSP00000260983	99
ENSP00000420321	ENSP00000273854	94
ENSP00000420321	ENSP00000337451	94
ENSP00000420321	ENSP00000374323	94
ENSP00000420321	ENSP00000379228	99
ENSP00000420321	ENSP00000381097	94
ENSP00000420321	ENSP00000386357	101
ENSP00000420321	ENSP00000389140	149
ENSP00000420321	ENSP00000417335	576
ENSP00000420321	ENSP00000422591	988
ENSP00000420321	ENSP00000424243	187
ENSP00000420321	ENSP00000430333	436
ENSP00000420321	ENSP00000457230	81
ENSP00000422533	ENSP00000373700	119
ENSP00000422591	ENSP00000262383	71
ENSP00000422591	ENSP00000265741	63
ENSP00000422591	ENSP00000266497	74
ENSP00000422591	ENSP00000273854	100
ENSP00000422591	ENSP00000280772	101
ENSP00000422591	ENSP00000282908	102
ENSP00000422591	ENSP00000286063	112
ENSP00000422591	ENSP00000305355	102
ENSP00000422591	ENSP00000321805	103
ENSP00000422591	ENSP00000331418	101
ENSP00000422591	ENSP00000332116	112
ENSP00000422591	ENSP00000337451	100
ENSP00000422591	ENSP00000342235	83
ENSP00000422591	ENSP00000345193	101
ENSP00000422591	ENSP00000345502	112
ENSP00000422591	ENSP00000348812	101
ENSP00000422591	ENSP00000349588	101
ENSP00000422591	ENSP00000354432	101
ENSP00000422591	ENSP00000362283	101
ENSP00000422591	ENSP00000363092	150
ENSP00000422591	ENSP00000374069	101
ENSP00000422591	ENSP00000374323	100
ENSP00000422591	ENSP00000381003	101
ENSP00000422591	ENSP00000381097	100
ENSP00000422591	ENSP00000390500	167
ENSP00000422591	ENSP00000417335	750
ENSP00000422591	ENSP00000418112	101
ENSP00000422591	ENSP00000420321	988
ENSP00000422591	ENSP00000438284	112
ENSP00000422591	ENSP00000449629	101
ENSP00000422591	ENSP00000450895	101
ENSP00000422591	ENSP00000451131	101
ENSP00000422591	ENSP00000457230	90
ENSP00000424243	ENSP00000305941	149
ENSP00000424243	ENSP00000351618	178
ENSP00000424243	ENSP00000354207	87
ENSP00000424243	ENSP00000354923	84
ENSP00000424243	ENSP00000356515	84
ENSP00000424243	ENSP00000363921	147
ENSP00000424243	ENSP00000365272	80
ENSP00000424243	ENSP00000381098	178
ENSP00000424243	ENSP00000417335	187
ENSP00000424243	ENSP00000420321	187
ENSP00000428417	ENSP00000261205	576
ENSP00000428417	ENSP00000266376	576
ENSP00000428417	ENSP00000288221	809
ENSP00000429018	ENSP00000307134	102
ENSP00000429273	ENSP00000307134	102
ENSP00000429276	ENSP00000279463	211
ENSP00000429276	ENSP00000325660	211
ENSP00000429276	ENSP00000341882	211
ENSP00000429276	ENSP00000354923	702
ENSP00000429276	ENSP00000356515	342
ENSP00000429276	ENSP00000380602	211
ENSP00000430128	ENSP00000265741	149
ENSP00000430128	ENSP00000281156	289
ENSP00000430128	ENSP00000361577	346
ENSP00000430333	ENSP00000262442	85
ENSP00000430333	ENSP00000265104	85
ENSP00000430333	ENSP00000265741	63
ENSP00000430333	ENSP00000266497	74
ENSP00000430333	ENSP00000273854	100
ENSP00000430333	ENSP00000280772	101
ENSP00000430333	ENSP00000282908	102
ENSP00000430333	ENSP00000286063	112
ENSP00000430333	ENSP00000305355	102
ENSP00000430333	ENSP00000321805	103
ENSP00000430333	ENSP00000331418	101
ENSP00000430333	ENSP00000332116	112
ENSP00000430333	ENSP00000337451	100
ENSP00000430333	ENSP00000342235	83
ENSP00000430333	ENSP00000345193	101
ENSP00000430333	ENSP00000345502	112
ENSP00000430333	ENSP00000348812	101
ENSP00000430333	ENSP00000349588	101
ENSP00000430333	ENSP00000354432	101
ENSP00000430333	ENSP00000362283	101
ENSP00000430333	ENSP00000363092	150
ENSP00000430333	ENSP00000374069	101
ENSP00000430333	ENSP00000374323	100
ENSP00000430333	ENSP00000379258	71
ENSP00000430333	ENSP00000380602	63
ENSP00000430333	ENSP00000381003	101
ENSP00000430333	ENSP00000381097	100
ENSP00000430333	ENSP00000384179	71
ENSP00000430333	ENSP00000390500	167
ENSP00000430333	ENSP00000417335	750
ENSP00000430333	ENSP00000418112	101
ENSP00000430333	ENSP00000420321	436
ENSP00000430333	ENSP00000438284	112
ENSP00000430333	ENSP00000449629	101
ENSP00000430333	ENSP00000450895	101
ENSP00000430333	ENSP00000451131	101
ENSP00000430333	ENSP00000457230	90
ENSP00000430846	ENSP00000251127	91
ENSP00000430846	ENSP00000266376	91
ENSP00000430846	ENSP00000271751	100
ENSP00000430846	ENSP00000307342	100
ENSP00000430846	ENSP00000320246	106
ENSP00000430846	ENSP00000321427	100
ENSP00000430846	ENSP00000328813	100
ENSP00000430846	ENSP00000331727	100
ENSP00000430846	ENSP00000333496	97
ENSP00000430846	ENSP00000353362	91
ENSP00000431245	ENSP00000280772	104
ENSP00000431245	ENSP00000282908	150
ENSP00000431245	ENSP00000286063	297
ENSP00000431245	ENSP00000305355	150
ENSP00000431245	ENSP00000321805	103
ENSP00000431245	ENSP00000331418	149
ENSP00000431245	ENSP00000332116	297
ENSP00000431245	ENSP00000345193	104
ENSP00000431245	ENSP00000345502	297
ENSP00000431245	ENSP00000348812	149
ENSP00000431245	ENSP00000349588	104
ENSP00000431245	ENSP00000354432	104
ENSP00000431245	ENSP00000357196	149
ENSP00000431245	ENSP00000362283	149
ENSP00000431245	ENSP00000363092	296
ENSP00000431245	ENSP00000365272	566
ENSP00000431245	ENSP00000381003	104
ENSP00000431245	ENSP00000418112	149
ENSP00000431245	ENSP00000438284	297
ENSP00000431245	ENSP00000449629	104
ENSP00000431245	ENSP00000450895	104
ENSP00000431245	ENSP00000451131	104
ENSP00000431748	ENSP00000360231	893
ENSP00000433378	ENSP00000392423	576
ENSP00000435300	ENSP00000392423	576
ENSP00000436426	ENSP00000269305	491
ENSP00000438284	ENSP00000035383	112
ENSP00000438284	ENSP00000260983	109
ENSP00000438284	ENSP00000278198	203
ENSP00000438284	ENSP00000286355	297
ENSP00000438284	ENSP00000298119	203
ENSP00000438284	ENSP00000310126	203
ENSP00000438284	ENSP00000321805	194
ENSP00000438284	ENSP00000342952	297
ENSP00000438284	ENSP00000361577	112
ENSP00000438284	ENSP00000363092	149
ENSP00000438284	ENSP00000379228	109
ENSP00000438284	ENSP00000385450	97
ENSP00000438284	ENSP00000386357	203
ENSP00000438284	ENSP00000422591	112
ENSP00000438284	ENSP00000430333	112
ENSP00000438284	ENSP00000431245	297
ENSP00000438284	ENSP00000457230	97
ENSP00000440896	ENSP00000365895	286
ENSP00000441462	ENSP00000269305	564
ENSP00000446280	ENSP00000262383	149
ENSP00000446280	ENSP00000264674	149
ENSP00000446280	ENSP00000270722	149
ENSP00000446280	ENSP00000321805	149
ENSP00000446280	ENSP00000325506	360
ENSP00000446280	ENSP00000331418	576
ENSP00000446280	ENSP00000347730	149
ENSP00000446280	ENSP00000351346	671
ENSP00000446280	ENSP00000353362	120
ENSP00000446280	ENSP00000363092	106
ENSP00000446280	ENSP00000379258	149
ENSP00000446280	ENSP00000381097	75
ENSP00000446280	ENSP00000384179	149
ENSP00000446280	ENSP00000419153	149
ENSP00000449629	ENSP00000035383	101
ENSP00000449629	ENSP00000262189	91
ENSP00000449629	ENSP00000265741	149
ENSP00000449629	ENSP00000266497	105
ENSP00000449629	ENSP00000278198	101
ENSP00000449629	ENSP00000286355	104
ENSP00000449629	ENSP00000298119	101
ENSP00000449629	ENSP00000310126	101
ENSP00000449629	ENSP00000331418	74
ENSP00000449629	ENSP00000342235	308
ENSP00000449629	ENSP00000342952	104
ENSP00000449629	ENSP00000348812	74
ENSP00000449629	ENSP00000357196	74
ENSP00000449629	ENSP00000361577	101
ENSP00000449629	ENSP00000362283	74
ENSP00000449629	ENSP00000381003	75
ENSP00000449629	ENSP00000386357	101
ENSP00000449629	ENSP00000408617	102
ENSP00000449629	ENSP00000422591	101
ENSP00000449629	ENSP00000430333	101
ENSP00000449629	ENSP00000431245	104
ENSP00000449629	ENSP00000451131	75
ENSP00000450337	ENSP00000288221	575
ENSP00000450337	ENSP00000331418	188
ENSP00000450337	ENSP00000348812	708
ENSP00000450337	ENSP00000357196	188
ENSP00000450337	ENSP00000362283	188
ENSP00000450337	ENSP00000418112	631
ENSP00000450895	ENSP00000035383	101
ENSP00000450895	ENSP00000262189	91
ENSP00000450895	ENSP00000264674	91
ENSP00000450895	ENSP00000265741	149
ENSP00000450895	ENSP00000266497	105
ENSP00000450895	ENSP00000278198	101
ENSP00000450895	ENSP00000286355	104
ENSP00000450895	ENSP00000298119	101
ENSP00000450895	ENSP00000310126	101
ENSP00000450895	ENSP00000342952	104
ENSP00000450895	ENSP00000361577	101
ENSP00000450895	ENSP00000381003	75
ENSP00000450895	ENSP00000386357	101
ENSP00000450895	ENSP00000408617	102
ENSP00000450895	ENSP00000419153	91
ENSP00000450895	ENSP00000422591	101
ENSP00000450895	ENSP00000430333	101
ENSP00000450895	ENSP00000431245	104
ENSP00000450895	ENSP00000451131	75
ENSP00000451131	ENSP00000035383	101
ENSP00000451131	ENSP00000262189	99
ENSP00000451131	ENSP00000262383	101
ENSP00000451131	ENSP00000264674	101
ENSP00000451131	ENSP00000265741	109
ENSP00000451131	ENSP00000270722	101
ENSP00000451131	ENSP00000278198	101
ENSP00000451131	ENSP00000280772	75
ENSP00000451131	ENSP00000286355	104
ENSP00000451131	ENSP00000298119	101
ENSP00000451131	ENSP00000310126	101
ENSP00000451131	ENSP00000336591	155
ENSP00000451131	ENSP00000342952	104
ENSP00000451131	ENSP00000345193	75
ENSP00000451131	ENSP00000347730	101
ENSP00000451131	ENSP00000349588	75
ENSP00000451131	ENSP00000350359	102
ENSP00000451131	ENSP00000354432	75
ENSP00000451131	ENSP00000361577	101
ENSP00000451131	ENSP00000363092	96
ENSP00000451131	ENSP00000379258	101
ENSP00000451131	ENSP00000384179	101
ENSP00000451131	ENSP00000385545	99
ENSP00000451131	ENSP00000386357	101
ENSP00000451131	ENSP00000408617	101
ENSP00000451131	ENSP00000419153	101
ENSP00000451131	ENSP00000422591	101
ENSP00000451131	ENSP00000430333	101
ENSP00000451131	ENSP00000431245	104
ENSP00000451131	ENSP00000449629	75
ENSP00000451131	ENSP00000450895	75
ENSP00000457230	ENSP00000262189	86
ENSP00000457230	ENSP00000269305	963
ENSP00000457230	ENSP00000286063	97
ENSP00000457230	ENSP00000332116	97
ENSP00000457230	ENSP00000336752	485
ENSP00000457230	ENSP00000337451	89
ENSP00000457230	ENSP00000342235	936
ENSP00000457230	ENSP00000345502	97
ENSP00000457230	ENSP00000381097	89
ENSP00000457230	ENSP00000420321	81
ENSP00000457230	ENSP00000422591	90
ENSP00000457230	ENSP00000430333	90
ENSP00000457230	ENSP00000438284	97
ENSP00000458570	ENSP00000307134	102
ENSP00000461862	ENSP00000307134	102
ENSP00000462701	ENSP00000307134	102
