DOID:0060391	OMIM:613884
DOID:11211	OMIM:231300
DOID:14330	OMIM:168600
DOID:14330	OMIM:260300
DOID:14330	OMIM:300557
DOID:14330	OMIM:556500
DOID:14330	OMIM:602404
DOID:14330	OMIM:605543
DOID:14330	OMIM:606324
DOID:14330	OMIM:606693
DOID:14330	OMIM:606852
DOID:14330	OMIM:607060
DOID:14330	OMIM:607688
DOID:14330	OMIM:610297
DOID:14330	OMIM:612953
DOID:14330	OMIM:613164
DOID:14330	OMIM:613643
DOID:14330	OMIM:614203
DOID:14330	OMIM:614251
DOID:14330	OMIM:615528
DOID:14330	OMIM:615530
DOID:612	OMIM:242850
DOID:8893	OMIM:177900
DOID:8893	OMIM:601454
DOID:8893	OMIM:602723
DOID:8893	OMIM:603935
DOID:8893	OMIM:604316
DOID:8893	OMIM:605364
DOID:8893	OMIM:605606
DOID:8893	OMIM:607857
DOID:8893	OMIM:610707
DOID:8893	OMIM:612410
DOID:8893	OMIM:612599
DOID:8893	OMIM:612950
DOID:8893	OMIM:614070
DOID:2058	OMIM:114580
DOID:2058	OMIM:212050
DOID:2058	OMIM:607644
DOID:2058	OMIM:613108
DOID:2058	OMIM:613953
DOID:2058	OMIM:613956
DOID:2058	OMIM:614162
DOID:2058	OMIM:615527
DOID:2058	OMIM:616445
DOID:8545	OMIM:145600
DOID:8545	OMIM:154275
DOID:8545	OMIM:154276
DOID:8545	OMIM:600467
DOID:8545	OMIM:601887
DOID:8545	OMIM:601888
DOID:3534	OMIM:254780
DOID:0060062	OMIM:162000
DOID:0060062	OMIM:613092
DOID:0060062	OMIM:614227
DOID:0060063	OMIM:300751
DOID:0060060	OMIM:605027
DOID:0060066	OMIM:206000
DOID:0060067	OMIM:557000
DOID:0060065	OMIM:205950
DOID:9849	OMIM:156000
DOID:0060244	OMIM:606711
DOID:0060244	OMIM:606712
DOID:0060244	OMIM:607134
DOID:0060244	OMIM:612514
DOID:0060244	OMIM:615432
DOID:0060245	OMIM:248900
DOID:0060243	OMIM:184450
DOID:0060243	OMIM:609261
DOID:0060243	OMIM:614655
DOID:0060243	OMIM:614668
DOID:0050883	OMIM:614559
DOID:0060480	OMIM:604169
DOID:0060483	OMIM:609313
DOID:1156	OMIM:118600
DOID:1156	OMIM:118610
DOID:1156	OMIM:600668
DOID:321	OMIM:159580
DOID:0060488	OMIM:610954
DOID:11819	OMIM:191600
DOID:0050880	OMIM:610443
DOID:0050887	OMIM:107480
DOID:1882	OMIM:108800
DOID:1882	OMIM:108900
DOID:1882	OMIM:607941
DOID:1882	OMIM:611363
DOID:1882	OMIM:612794
DOID:1882	OMIM:613087
DOID:1882	OMIM:614089
DOID:1882	OMIM:614433
DOID:1882	OMIM:614475
DOID:9620	OMIM:193000
DOID:9620	OMIM:314550
DOID:9620	OMIM:610878
DOID:9620	OMIM:613674
DOID:9620	OMIM:614317
DOID:9620	OMIM:614318
DOID:9620	OMIM:614319
DOID:9620	OMIM:614674
DOID:9620	OMIM:615390
DOID:9620	OMIM:615963
DOID:4890	OMIM:254770
DOID:4890	OMIM:607631
DOID:4890	OMIM:608816
DOID:4890	OMIM:611364
DOID:4890	OMIM:614280
DOID:3911	OMIM:176670
DOID:0050879	OMIM:300623
DOID:0050877	OMIM:260370
DOID:5419	OMIM:181500
DOID:5419	OMIM:181510
DOID:5419	OMIM:600511
DOID:5419	OMIM:600850
DOID:5419	OMIM:603013
DOID:5419	OMIM:603175
DOID:5419	OMIM:603176
DOID:5419	OMIM:603206
DOID:5419	OMIM:603342
DOID:5419	OMIM:604906
DOID:5419	OMIM:605419
DOID:5419	OMIM:608078
DOID:5419	OMIM:608543
DOID:5419	OMIM:612361
DOID:5419	OMIM:613025
DOID:5419	OMIM:613950
DOID:5419	OMIM:613959
DOID:5419	OMIM:615232
DOID:0050476	OMIM:302060
DOID:0050477	OMIM:177200
DOID:0050473	OMIM:203800
DOID:2538	OMIM:245570
DOID:3827	OMIM:142340
DOID:3827	OMIM:222400
DOID:3827	OMIM:610187
DOID:585	OMIM:167030
DOID:583	OMIM:266120
DOID:583	OMIM:612631
DOID:12132	OMIM:608710
DOID:12134	OMIM:134500
DOID:2280	OMIM:142690
DOID:2280	OMIM:613736
DOID:2280	OMIM:613737
DOID:2998	OMIM:273300
DOID:8398	OMIM:140600
DOID:8398	OMIM:165720
DOID:8398	OMIM:607850
DOID:8398	OMIM:610839
DOID:8398	OMIM:612400
DOID:8398	OMIM:612401
DOID:14116	OMIM:151800
DOID:3132	OMIM:176090
DOID:3132	OMIM:176100
DOID:3133	OMIM:612740
DOID:8158	OMIM:609536
DOID:2841	OMIM:600807
DOID:7148	OMIM:180300
DOID:11367	OMIM:610256
DOID:0060432	OMIM:613215
DOID:12918	OMIM:211480
DOID:628	OMIM:312863
DOID:13884	OMIM:163800
DOID:13884	OMIM:608567
DOID:13884	OMIM:614090
DOID:8577	OMIM:266600
DOID:14452	OMIM:170400
DOID:14452	OMIM:613345
DOID:12603	OMIM:308960
DOID:10283	OMIM:176807
DOID:10283	OMIM:300147
DOID:10283	OMIM:300704
DOID:10283	OMIM:601518
DOID:10283	OMIM:602759
DOID:10283	OMIM:608656
DOID:10283	OMIM:608658
DOID:10283	OMIM:609299
DOID:10283	OMIM:609558
DOID:10283	OMIM:610321
DOID:10283	OMIM:610997
DOID:10283	OMIM:611100
DOID:10283	OMIM:611868
DOID:10283	OMIM:611928
DOID:10283	OMIM:611955
DOID:10283	OMIM:611958
DOID:10283	OMIM:611959
DOID:10970	OMIM:603513
DOID:10970	OMIM:612900
DOID:0060259	OMIM:208540
DOID:0060259	OMIM:615415
DOID:0060250	OMIM:181800
DOID:0060250	OMIM:607354
DOID:0060250	OMIM:608765
DOID:0060250	OMIM:612238
DOID:0060250	OMIM:612239
DOID:0060253	OMIM:181430
DOID:0060253	OMIM:300695
DOID:0060255	OMIM:600332
DOID:0060255	OMIM:606072
DOID:9432	OMIM:233100
DOID:14679	OMIM:192350
DOID:14679	OMIM:276950
DOID:1184	OMIM:256300
DOID:1184	OMIM:256370
DOID:1184	OMIM:600995
DOID:1184	OMIM:610725
DOID:1184	OMIM:614196
DOID:1184	OMIM:614199
DOID:1184	OMIM:615008
DOID:1184	OMIM:615244
DOID:1184	OMIM:615573
DOID:1184	OMIM:615861
DOID:0050605	OMIM:201100
DOID:0050604	OMIM:607778
DOID:0050606	OMIM:101900
DOID:5394	OMIM:600634
DOID:0050600	OMIM:600501
DOID:0050603	OMIM:200500
DOID:0050602	OMIM:231550
DOID:14705	OMIM:101600
DOID:0050867	OMIM:311150
DOID:5408	OMIM:167250
DOID:5408	OMIM:602080
DOID:5408	OMIM:606263
DOID:5409	OMIM:182280
DOID:3928	OMIM:103200
DOID:10609	OMIM:264700
DOID:10609	OMIM:277440
DOID:10609	OMIM:600081
DOID:10609	OMIM:600785
DOID:10608	OMIM:212750
DOID:10608	OMIM:607202
DOID:10608	OMIM:609753
DOID:10608	OMIM:609754
DOID:10608	OMIM:609755
DOID:10608	OMIM:611598
DOID:10608	OMIM:612005
DOID:10608	OMIM:612006
DOID:10608	OMIM:612007
DOID:10608	OMIM:612008
DOID:10608	OMIM:612009
DOID:10608	OMIM:612011
DOID:10608	OMIM:612110
DOID:4440	OMIM:273300
DOID:4447	OMIM:153880
DOID:9164	OMIM:200400
DOID:2452	OMIM:188050
DOID:2986	OMIM:161950
DOID:2987	OMIM:134610
DOID:2987	OMIM:249100
DOID:2988	OMIM:107320
DOID:12858	OMIM:143100
DOID:12859	OMIM:118700
DOID:12859	OMIM:215450
DOID:0050773	OMIM:115310
DOID:0050773	OMIM:168000
DOID:0050773	OMIM:601650
DOID:0050773	OMIM:605373
DOID:0050773	OMIM:614165
DOID:0050774	OMIM:266280
DOID:13724	OMIM:240400
DOID:0050779	OMIM:236680
DOID:0050779	OMIM:614120
DOID:635	OMIM:609423
DOID:633	OMIM:160750
DOID:12929	OMIM:226000
DOID:12929	OMIM:305300
DOID:8567	OMIM:236000
DOID:8567	OMIM:300221
DOID:8567	OMIM:400021
DOID:0060398	OMIM:613444
DOID:0060399	OMIM:136570
DOID:0060392	OMIM:613457
DOID:0060393	OMIM:615656
DOID:0060396	OMIM:614294
DOID:0060009	OMIM:604571
DOID:14289	OMIM:224700
DOID:12704	OMIM:208900
DOID:12705	OMIM:229300
DOID:12705	OMIM:601992
DOID:0050819	OMIM:601186
DOID:10383	OMIM:162100
DOID:0050795	OMIM:180020
DOID:0050795	OMIM:610024
DOID:0050795	OMIM:610356
DOID:0050795	OMIM:610478
DOID:0050795	OMIM:613093
DOID:0050794	OMIM:186500
DOID:0050794	OMIM:610017
DOID:0050794	OMIM:612961
DOID:0060535	OMIM:613398
DOID:12449	OMIM:609135
DOID:9955	OMIM:241550
DOID:9955	OMIM:614435
DOID:9952	OMIM:247640
DOID:9952	OMIM:613065
DOID:9952	OMIM:613067
DOID:9952	OMIM:615545
DOID:1171	OMIM:144650
DOID:1172	OMIM:144600
DOID:11830	OMIM:160700
DOID:11830	OMIM:255500
DOID:11830	OMIM:300613
DOID:11830	OMIM:310460
DOID:11830	OMIM:603221
DOID:11830	OMIM:608367
DOID:11830	OMIM:608474
DOID:11830	OMIM:608908
DOID:11830	OMIM:609256
DOID:11830	OMIM:609257
DOID:11830	OMIM:609258
DOID:11830	OMIM:609259
DOID:11830	OMIM:609994
DOID:11830	OMIM:609995
DOID:11830	OMIM:610320
DOID:11830	OMIM:612554
DOID:11830	OMIM:612717
DOID:11830	OMIM:613959
DOID:11830	OMIM:613969
DOID:11830	OMIM:614166
DOID:11830	OMIM:614167
DOID:11830	OMIM:615420
DOID:11830	OMIM:615431
DOID:11830	OMIM:615946
DOID:0050387	OMIM:144700
DOID:0050678	OMIM:186580
DOID:0050679	OMIM:303700
DOID:0050674	OMIM:214950
DOID:0050674	OMIM:235555
DOID:0050674	OMIM:607765
DOID:0050674	OMIM:613812
DOID:0050675	OMIM:612292
DOID:0050676	OMIM:135150
DOID:0050677	OMIM:262000
DOID:9883	OMIM:300376
DOID:9884	OMIM:158800
DOID:9884	OMIM:159050
DOID:9884	OMIM:309930
DOID:9884	OMIM:309950
DOID:9884	OMIM:310000
DOID:9884	OMIM:310095
DOID:9884	OMIM:600416
DOID:11949	OMIM:123400
DOID:0050811	OMIM:201710
DOID:0050811	OMIM:201810
DOID:0050811	OMIM:201910
DOID:0050811	OMIM:202010
DOID:0050811	OMIM:202110
DOID:0050812	OMIM:612847
DOID:0050813	OMIM:143095
DOID:0050814	OMIM:605282
DOID:0050816	OMIM:236730
DOID:0050816	OMIM:615112
DOID:0050817	OMIM:248200
DOID:0050817	OMIM:600110
DOID:0050817	OMIM:603786
DOID:0050818	OMIM:275350
DOID:13099	OMIM:252350
DOID:13099	OMIM:300845
DOID:13099	OMIM:607151
DOID:13099	OMIM:608796
DOID:13099	OMIM:614042
DOID:13099	OMIM:615750
DOID:0050709	OMIM:300088
DOID:0050709	OMIM:300607
DOID:0050709	OMIM:300672
DOID:0050709	OMIM:308350
DOID:0050709	OMIM:609304
DOID:0050709	OMIM:612164
DOID:0050709	OMIM:613402
DOID:0050709	OMIM:613477
DOID:0050709	OMIM:613720
DOID:0050709	OMIM:613721
DOID:0050709	OMIM:613722
DOID:0050709	OMIM:614558
DOID:0050709	OMIM:614959
DOID:0050709	OMIM:615006
DOID:0050709	OMIM:615338
DOID:0050709	OMIM:615473
DOID:0050709	OMIM:615476
DOID:4051	OMIM:268220
DOID:13543	OMIM:145000
DOID:13543	OMIM:145001
DOID:13543	OMIM:610071
DOID:4450	OMIM:300854
DOID:12721	OMIM:132400
DOID:12721	OMIM:226900
DOID:12721	OMIM:600204
DOID:12721	OMIM:600969
DOID:12721	OMIM:607078
DOID:12721	OMIM:614135
DOID:12842	OMIM:139393
DOID:12849	OMIM:209850
DOID:12849	OMIM:300425
DOID:12849	OMIM:300495
DOID:12849	OMIM:300496
DOID:12849	OMIM:300830
DOID:12849	OMIM:300847
DOID:12849	OMIM:300872
DOID:12849	OMIM:607373
DOID:12849	OMIM:608049
DOID:12849	OMIM:608636
DOID:12849	OMIM:609378
DOID:12849	OMIM:610676
DOID:12849	OMIM:610836
DOID:12849	OMIM:610908
DOID:12849	OMIM:611015
DOID:12849	OMIM:611016
DOID:12849	OMIM:611913
DOID:12849	OMIM:612100
DOID:12849	OMIM:613410
DOID:12849	OMIM:613436
DOID:12849	OMIM:615032
DOID:12849	OMIM:615091
DOID:11383	OMIM:219050
DOID:13714	OMIM:206780
DOID:1657	OMIM:614429
DOID:1657	OMIM:614431
DOID:1657	OMIM:614432
DOID:12930	OMIM:115200
DOID:12930	OMIM:300069
DOID:12930	OMIM:302045
DOID:12930	OMIM:600884
DOID:12930	OMIM:601154
DOID:12930	OMIM:601493
DOID:12930	OMIM:601494
DOID:12930	OMIM:604145
DOID:12930	OMIM:604288
DOID:12930	OMIM:604765
DOID:12930	OMIM:605362
DOID:12930	OMIM:605582
DOID:12930	OMIM:606685
DOID:12930	OMIM:607482
DOID:12930	OMIM:607487
DOID:12930	OMIM:608569
DOID:12930	OMIM:609909
DOID:12930	OMIM:609915
DOID:12930	OMIM:611407
DOID:12930	OMIM:611615
DOID:12930	OMIM:611878
DOID:12930	OMIM:611879
DOID:12930	OMIM:611880
DOID:12930	OMIM:612158
DOID:12930	OMIM:612877
DOID:12930	OMIM:613122
DOID:12930	OMIM:613172
DOID:12930	OMIM:613252
DOID:12930	OMIM:613286
DOID:12930	OMIM:613424
DOID:12930	OMIM:613426
DOID:12930	OMIM:613642
DOID:12930	OMIM:613694
DOID:12930	OMIM:613697
DOID:12930	OMIM:613740
DOID:12930	OMIM:613881
DOID:12930	OMIM:614672
DOID:12930	OMIM:615184
DOID:12930	OMIM:615235
DOID:12930	OMIM:615916
DOID:8354	OMIM:613779
DOID:11156	OMIM:206600
DOID:7693	OMIM:100070
DOID:7693	OMIM:609782
DOID:7693	OMIM:611891
DOID:7693	OMIM:614375
DOID:6612	OMIM:116920
DOID:6612	OMIM:266265
DOID:6612	OMIM:612840
DOID:0060416	OMIM:612345
DOID:1474	OMIM:170650
DOID:1474	OMIM:608526
DOID:12712	OMIM:256100
DOID:12712	OMIM:602088
DOID:12712	OMIM:604387
DOID:12712	OMIM:606966
DOID:12712	OMIM:611498
DOID:12712	OMIM:613159
DOID:12712	OMIM:613550
DOID:12712	OMIM:613820
DOID:12712	OMIM:613824
DOID:12712	OMIM:614377
DOID:12712	OMIM:614844
DOID:12712	OMIM:614845
DOID:12712	OMIM:615382
DOID:12712	OMIM:615862
DOID:12712	OMIM:616217
DOID:12716	OMIM:267450
DOID:12387	OMIM:125800
DOID:12387	OMIM:304800
DOID:12388	OMIM:125700
DOID:12388	OMIM:304900
DOID:0050663	OMIM:158810
DOID:0050662	OMIM:611809
DOID:0050661	OMIM:153700
DOID:0050661	OMIM:153840
DOID:0050661	OMIM:608161
DOID:0050661	OMIM:616151
DOID:0050661	OMIM:616152
DOID:0050660	OMIM:123790
DOID:0050664	OMIM:210370
DOID:14761	OMIM:175700
DOID:1520	OMIM:114500
DOID:0050801	OMIM:109200
DOID:0050801	OMIM:300710
DOID:0050801	OMIM:612421
DOID:0050800	OMIM:300352
DOID:0050807	OMIM:612713
DOID:0050809	OMIM:601492
DOID:12098	OMIM:190400
DOID:0050489	OMIM:138800
DOID:0050489	OMIM:300273
DOID:0050489	OMIM:606082
DOID:9744	OMIM:125852
DOID:9744	OMIM:222100
DOID:9744	OMIM:300136
DOID:9744	OMIM:600318
DOID:9744	OMIM:600319
DOID:9744	OMIM:600320
DOID:9744	OMIM:600321
DOID:9744	OMIM:600883
DOID:9744	OMIM:601208
DOID:9744	OMIM:601318
DOID:9744	OMIM:601388
DOID:9744	OMIM:601666
DOID:9744	OMIM:601941
DOID:9744	OMIM:601942
DOID:9744	OMIM:603266
DOID:9744	OMIM:605598
DOID:9744	OMIM:610155
DOID:9744	OMIM:612520
DOID:9744	OMIM:612521
DOID:9744	OMIM:612522
DOID:9744	OMIM:612622
DOID:9744	OMIM:613006
DOID:0050717	OMIM:277380
DOID:0050716	OMIM:277410
DOID:0050715	OMIM:277400
DOID:0050713	OMIM:604377
DOID:0050713	OMIM:615119
DOID:0050712	OMIM:612718
DOID:0050711	OMIM:604290
DOID:0050710	OMIM:210200
DOID:0050710	OMIM:210210
DOID:4603	OMIM:113800
DOID:2508	OMIM:207600
DOID:3052	OMIM:124100
DOID:12169	OMIM:115430
DOID:13378	OMIM:611775
DOID:13372	OMIM:613490
DOID:1837	OMIM:612227
DOID:13375	OMIM:187360
DOID:12361	OMIM:275000
DOID:12361	OMIM:300351
DOID:12361	OMIM:603388
DOID:12365	OMIM:609148
DOID:2871	OMIM:608089
DOID:13910	OMIM:303900
DOID:2893	OMIM:603956
DOID:10003	OMIM:304400
DOID:2256	OMIM:215050
DOID:3302	OMIM:215400
DOID:8616	OMIM:171000
DOID:83	OMIM:115650
DOID:83	OMIM:115660
DOID:83	OMIM:115665
DOID:83	OMIM:115700
DOID:83	OMIM:115800
DOID:83	OMIM:115900
DOID:83	OMIM:116100
DOID:83	OMIM:116200
DOID:83	OMIM:116300
DOID:83	OMIM:116400
DOID:83	OMIM:116700
DOID:83	OMIM:116800
DOID:83	OMIM:212500
DOID:83	OMIM:302200
DOID:83	OMIM:600881
DOID:83	OMIM:601202
DOID:83	OMIM:601371
DOID:83	OMIM:601547
DOID:83	OMIM:601885
DOID:83	OMIM:604219
DOID:83	OMIM:604307
DOID:83	OMIM:605728
DOID:83	OMIM:605749
DOID:83	OMIM:607304
DOID:83	OMIM:609026
DOID:83	OMIM:609376
DOID:83	OMIM:609741
DOID:83	OMIM:610019
DOID:83	OMIM:610202
DOID:83	OMIM:610425
DOID:83	OMIM:611391
DOID:83	OMIM:611544
DOID:83	OMIM:611597
DOID:83	OMIM:612968
DOID:83	OMIM:613887
DOID:83	OMIM:614422
DOID:83	OMIM:614691
DOID:83	OMIM:615188
DOID:83	OMIM:615274
DOID:83	OMIM:615277
DOID:83	OMIM:616279
DOID:83	OMIM:616509
DOID:14261	OMIM:300624
DOID:0060025	OMIM:137100
DOID:0060025	OMIM:269650
DOID:0060025	OMIM:609529
DOID:14264	OMIM:121200
DOID:14264	OMIM:121201
DOID:14264	OMIM:269720
DOID:14264	OMIM:615812
DOID:0060021	OMIM:606593
DOID:12894	OMIM:270150
DOID:6406	OMIM:217095
DOID:0060297	OMIM:614380
DOID:0060283	OMIM:270300
DOID:0060283	OMIM:613088
DOID:0060280	OMIM:610475
DOID:0060280	OMIM:610489
DOID:0060280	OMIM:614190
DOID:0060280	OMIM:615830
DOID:0060281	OMIM:132100
DOID:0060281	OMIM:609572
DOID:0060281	OMIM:609573
DOID:0060286	OMIM:300816
DOID:0060286	OMIM:609060
DOID:0060286	OMIM:610498
DOID:0060286	OMIM:610505
DOID:0060286	OMIM:610678
DOID:0060286	OMIM:611719
DOID:0060286	OMIM:613559
DOID:0060286	OMIM:614096
DOID:0060286	OMIM:614582
DOID:0060286	OMIM:614702
DOID:0060286	OMIM:614922
DOID:0060286	OMIM:614924
DOID:0060286	OMIM:614932
DOID:0060286	OMIM:614946
DOID:0060286	OMIM:614947
DOID:0060286	OMIM:615395
DOID:0060286	OMIM:615440
DOID:0060286	OMIM:615578
DOID:0060286	OMIM:615595
DOID:0060286	OMIM:615917
DOID:0060286	OMIM:615918
DOID:0060286	OMIM:616045
DOID:0060286	OMIM:616198
DOID:0060286	OMIM:616239
DOID:0060287	OMIM:121400
DOID:0060287	OMIM:217300
DOID:0060284	OMIM:300818
DOID:0060284	OMIM:615399
DOID:9970	OMIM:601665
DOID:0060232	OMIM:120502
DOID:0060232	OMIM:602588
DOID:0060232	OMIM:608389
DOID:9406	OMIM:221750
DOID:9406	OMIM:262600
DOID:9406	OMIM:262700
DOID:9406	OMIM:613038
DOID:9406	OMIM:613986
DOID:1270	OMIM:187300
DOID:1270	OMIM:600376
DOID:1270	OMIM:601101
DOID:1270	OMIM:615506
DOID:0060359	OMIM:101120
DOID:0060355	OMIM:616208
DOID:0060351	OMIM:615157
DOID:0060353	OMIM:616462
DOID:13382	OMIM:261100
DOID:13382	OMIM:613839
DOID:13381	OMIM:170900
DOID:12399	OMIM:606349
DOID:0050656	OMIM:251290
DOID:0050125	OMIM:614371
DOID:0050655	OMIM:241850
DOID:0050120	OMIM:267700
DOID:0050120	OMIM:603552
DOID:0050120	OMIM:603553
DOID:0050120	OMIM:608898
DOID:0050120	OMIM:613101
DOID:12554	OMIM:235400
DOID:12554	OMIM:612922
DOID:12554	OMIM:612923
DOID:12554	OMIM:612924
DOID:12554	OMIM:612925
DOID:12554	OMIM:612926
DOID:0050650	OMIM:607554
DOID:0050650	OMIM:608583
DOID:0050650	OMIM:608988
DOID:0050650	OMIM:611493
DOID:0050650	OMIM:611494
DOID:0050650	OMIM:612201
DOID:0050650	OMIM:612240
DOID:0050650	OMIM:613055
DOID:0050650	OMIM:613980
DOID:0050650	OMIM:614022
DOID:0050650	OMIM:614049
DOID:0050650	OMIM:614050
DOID:0050650	OMIM:615377
DOID:0050650	OMIM:615378
DOID:0050650	OMIM:615770
DOID:0050651	OMIM:600309
DOID:0050651	OMIM:606215
DOID:0050651	OMIM:606217
DOID:0050651	OMIM:614430
DOID:0050651	OMIM:614474
DOID:12559	OMIM:259750
DOID:9574	OMIM:608911
DOID:0050658	OMIM:149200
DOID:0050659	OMIM:607483
DOID:14735	OMIM:106100
DOID:14735	OMIM:610618
DOID:9352	OMIM:125853
DOID:9352	OMIM:601283
DOID:9352	OMIM:601407
DOID:9352	OMIM:603694
DOID:9352	OMIM:608036
DOID:5453	OMIM:265450
DOID:5327	OMIM:312530
DOID:0050722	OMIM:601815
DOID:0050723	OMIM:610992
DOID:0050720	OMIM:238970
DOID:0050726	OMIM:276700
DOID:0050727	OMIM:276710
DOID:0050724	OMIM:614023
DOID:0050725	OMIM:276600
DOID:0050729	OMIM:275630
DOID:0050908	OMIM:614286
DOID:0050902	OMIM:155255
DOID:3687	OMIM:540000
DOID:5520	OMIM:275355
DOID:1827	OMIM:600669
DOID:1827	OMIM:604827
DOID:1827	OMIM:606972
DOID:1827	OMIM:607628
DOID:1827	OMIM:607682
DOID:1827	OMIM:608762
DOID:1827	OMIM:609750
DOID:1827	OMIM:611136
DOID:1827	OMIM:611934
DOID:1827	OMIM:612899
DOID:1827	OMIM:613060
DOID:1827	OMIM:614847
DOID:13366	OMIM:184850
DOID:0050835	OMIM:128100
DOID:0050833	OMIM:258900
DOID:0050831	OMIM:604218
DOID:11633	OMIM:188570
DOID:11633	OMIM:274300
DOID:11634	OMIM:255900
DOID:0080088	OMIM:614157
DOID:0080089	OMIM:160565
DOID:0080089	OMIM:615883
DOID:0080086	OMIM:607523
DOID:0080087	OMIM:614149
DOID:0080084	OMIM:107000
DOID:0080085	OMIM:605779
DOID:0080082	OMIM:206800
DOID:0080083	OMIM:164800
DOID:0080080	OMIM:149300
DOID:0080081	OMIM:151600
DOID:13774	OMIM:103230
DOID:13774	OMIM:240200
DOID:14004	OMIM:132900
DOID:14004	OMIM:607086
DOID:14004	OMIM:607087
DOID:14004	OMIM:611788
DOID:14004	OMIM:613780
DOID:14004	OMIM:615436
DOID:11459	OMIM:243200
DOID:2224	OMIM:187950
DOID:2224	OMIM:300331
DOID:2224	OMIM:601977
DOID:2224	OMIM:614521
DOID:3310	OMIM:603165
DOID:3310	OMIM:605803
DOID:3310	OMIM:605804
DOID:3310	OMIM:605805
DOID:3310	OMIM:605844
DOID:3310	OMIM:605845
DOID:3310	OMIM:613064
DOID:3310	OMIM:613518
DOID:3310	OMIM:613519
DOID:3315	OMIM:151900
DOID:12309	OMIM:154800
DOID:4279	OMIM:604451
DOID:14250	OMIM:190685
DOID:6364	OMIM:157300
DOID:6364	OMIM:613656
DOID:13911	OMIM:216900
DOID:13911	OMIM:262300
DOID:13911	OMIM:613856
DOID:13911	OMIM:616517
DOID:6419	OMIM:187500
DOID:0060299	OMIM:612446
DOID:0060298	OMIM:614379
DOID:0060295	OMIM:217000
DOID:11044	OMIM:230750
DOID:0060293	OMIM:118650
DOID:0060293	OMIM:118651
DOID:0060293	OMIM:602497
DOID:684	OMIM:114550
DOID:350	OMIM:154800
DOID:11199	OMIM:146200
DOID:11199	OMIM:307700
DOID:1324	OMIM:211980
DOID:1324	OMIM:608935
DOID:1324	OMIM:612571
DOID:1324	OMIM:612593
DOID:1324	OMIM:614210
DOID:0060342	OMIM:603671
DOID:0060341	OMIM:202650
DOID:11193	OMIM:185900
DOID:11193	OMIM:186100
DOID:11193	OMIM:186200
DOID:11193	OMIM:186300
DOID:0050641	OMIM:268150
DOID:0050640	OMIM:607095
DOID:0050643	OMIM:206800
DOID:0050642	OMIM:206100
DOID:0050642	OMIM:615234
DOID:0050645	OMIM:208050
DOID:0050644	OMIM:208000
DOID:0050644	OMIM:614473
DOID:0050647	OMIM:301835
DOID:0050646	OMIM:108120
DOID:0050646	OMIM:108145
DOID:0050646	OMIM:108200
DOID:0050646	OMIM:114300
DOID:0050646	OMIM:121050
DOID:0050646	OMIM:121070
DOID:0050646	OMIM:158300
DOID:0050646	OMIM:178110
DOID:0050646	OMIM:187370
DOID:0050646	OMIM:193700
DOID:0050646	OMIM:601680
DOID:0050646	OMIM:609128
DOID:0050646	OMIM:614335
DOID:0050646	OMIM:615065
DOID:0050649	OMIM:209300
DOID:0050648	OMIM:108720
DOID:0050648	OMIM:108721
DOID:0050648	OMIM:256050
DOID:5844	OMIM:608446
DOID:5844	OMIM:608557
DOID:14743	OMIM:190350
DOID:14743	OMIM:190351
DOID:14749	OMIM:251100
DOID:14749	OMIM:251110
DOID:5688	OMIM:277700
DOID:5684	OMIM:271510
DOID:0050734	OMIM:261000
DOID:0050730	OMIM:607426
DOID:0050730	OMIM:612016
DOID:0050730	OMIM:614650
DOID:0050730	OMIM:614651
DOID:0050730	OMIM:614652
DOID:0050730	OMIM:614654
DOID:4621	OMIM:142945
DOID:4621	OMIM:142946
DOID:4621	OMIM:157170
DOID:4621	OMIM:236100
DOID:4621	OMIM:605934
DOID:4621	OMIM:609408
DOID:4621	OMIM:609637
DOID:4621	OMIM:610828
DOID:4621	OMIM:610829
DOID:4621	OMIM:614226
DOID:9212	OMIM:173200
DOID:3070	OMIM:137800
DOID:3070	OMIM:607248
DOID:3070	OMIM:613028
DOID:3070	OMIM:613029
DOID:3070	OMIM:613030
DOID:3070	OMIM:613031
DOID:3070	OMIM:613032
DOID:3070	OMIM:613033
DOID:10487	OMIM:142623
DOID:10487	OMIM:600155
DOID:10487	OMIM:613711
DOID:10487	OMIM:613712
DOID:12185	OMIM:166800
DOID:12185	OMIM:605727
DOID:12185	OMIM:608244
DOID:12185	OMIM:608484
DOID:12185	OMIM:611571
DOID:12185	OMIM:611572
DOID:12185	OMIM:612096
DOID:12185	OMIM:615589
DOID:10488	OMIM:207500
DOID:10488	OMIM:301800
DOID:1811	OMIM:604335
DOID:4481	OMIM:607154
DOID:0050524	OMIM:125850
DOID:0050524	OMIM:125851
DOID:0050524	OMIM:137920
DOID:0050524	OMIM:600496
DOID:0050524	OMIM:606391
DOID:0050524	OMIM:606392
DOID:0050524	OMIM:606394
DOID:0050524	OMIM:609812
DOID:0050524	OMIM:610508
DOID:0050524	OMIM:612225
DOID:0050524	OMIM:613370
DOID:0050524	OMIM:613375
DOID:0050524	OMIM:616329
DOID:0050524	OMIM:616511
DOID:0080099	OMIM:500011
DOID:0080099	OMIM:600462
DOID:0080099	OMIM:613561
DOID:0080098	OMIM:613869
DOID:0080091	OMIM:182920
DOID:0080090	OMIM:300717
DOID:0080090	OMIM:300718
DOID:0080093	OMIM:608810
DOID:0080092	OMIM:601419
DOID:0080095	OMIM:609452
DOID:0080094	OMIM:609200
DOID:0080097	OMIM:612954
DOID:0080096	OMIM:609524
DOID:11996	OMIM:187400
DOID:3890	OMIM:176000
DOID:10024	OMIM:609179
DOID:10024	OMIM:609670
DOID:2785	OMIM:220200
DOID:12960	OMIM:101200
DOID:12961	OMIM:173800
DOID:2236	OMIM:202400
DOID:2235	OMIM:613679
DOID:8632	OMIM:148000
DOID:2129	OMIM:609322
DOID:768	OMIM:180200
DOID:8924	OMIM:188030
DOID:13909	OMIM:303800
DOID:8923	OMIM:608035
DOID:8923	OMIM:609048
DOID:8923	OMIM:612263
DOID:8923	OMIM:613099
DOID:8923	OMIM:613972
DOID:8923	OMIM:614456
DOID:8923	OMIM:615134
DOID:8923	OMIM:615848
DOID:11054	OMIM:109800
DOID:0060198	OMIM:608030
DOID:0060199	OMIM:608031
DOID:0060196	OMIM:602433
DOID:0060197	OMIM:602099
DOID:0060194	OMIM:205100
DOID:13832	OMIM:607411
DOID:0060193	OMIM:105400
DOID:699	OMIM:251900
DOID:1790	OMIM:156240
DOID:1793	OMIM:606856
DOID:1793	OMIM:613347
DOID:1793	OMIM:613348
DOID:1793	OMIM:614320
DOID:1024	OMIM:246300
DOID:1024	OMIM:607572
DOID:1024	OMIM:609888
DOID:1024	OMIM:610988
DOID:1024	OMIM:613223
DOID:1024	OMIM:613407
DOID:10908	OMIM:123155
DOID:10908	OMIM:236600
DOID:10908	OMIM:236635
DOID:10908	OMIM:307000
DOID:10908	OMIM:615219
DOID:1339	OMIM:105650
DOID:1339	OMIM:606129
DOID:1339	OMIM:610629
DOID:1339	OMIM:612527
DOID:1339	OMIM:612528
DOID:1339	OMIM:612561
DOID:1339	OMIM:612562
DOID:1339	OMIM:612563
DOID:1339	OMIM:613308
DOID:1339	OMIM:613309
DOID:1339	OMIM:614900
DOID:1339	OMIM:615550
DOID:1339	OMIM:615909
DOID:0060372	OMIM:260300
DOID:0060370	OMIM:606324
DOID:0060371	OMIM:607060
DOID:10907	OMIM:251200
DOID:10907	OMIM:604321
DOID:10907	OMIM:604804
DOID:10907	OMIM:608393
DOID:10907	OMIM:608716
DOID:10907	OMIM:612703
DOID:0060408	OMIM:613026
DOID:0060409	OMIM:613735
DOID:0060404	OMIM:614527
DOID:0060405	OMIM:613355
DOID:0060406	OMIM:146390
DOID:0060400	OMIM:613604
DOID:0060403	OMIM:613675
DOID:230	OMIM:611637
DOID:14756	OMIM:130050
DOID:0050692	OMIM:601003
DOID:0050693	OMIM:605041
DOID:0050690	OMIM:113500
DOID:0050690	OMIM:271530
DOID:0050690	OMIM:271630
DOID:0050690	OMIM:613678
DOID:0050691	OMIM:113620
DOID:0050694	OMIM:211530
DOID:0050740	OMIM:600096
DOID:0050741	OMIM:103780
DOID:0050742	OMIM:188890
DOID:0050747	OMIM:153600
DOID:0050747	OMIM:610430
DOID:0050588	OMIM:613150
DOID:0050588	OMIM:613151
DOID:0050588	OMIM:613152
DOID:0050588	OMIM:613153
DOID:0050588	OMIM:613154
DOID:0050588	OMIM:613155
DOID:0050588	OMIM:613156
DOID:0050588	OMIM:613818
DOID:0050588	OMIM:614643
DOID:0050588	OMIM:614830
DOID:0050588	OMIM:615041
DOID:0050588	OMIM:615181
DOID:0050588	OMIM:615249
DOID:0050588	OMIM:615287
DOID:0050588	OMIM:615350
DOID:0050588	OMIM:615351
DOID:0050588	OMIM:616052
DOID:0050588	OMIM:616094
DOID:0050589	OMIM:266600
DOID:0050589	OMIM:601458
DOID:0050589	OMIM:604519
DOID:0050589	OMIM:605225
DOID:0050589	OMIM:606348
DOID:0050589	OMIM:606668
DOID:0050589	OMIM:606674
DOID:0050589	OMIM:606675
DOID:0050589	OMIM:608448
DOID:0050589	OMIM:611081
DOID:0050589	OMIM:612241
DOID:0050589	OMIM:612244
DOID:0050589	OMIM:612245
DOID:0050589	OMIM:612255
DOID:0050589	OMIM:612259
DOID:0050589	OMIM:612261
DOID:0050589	OMIM:612262
DOID:0050589	OMIM:612278
DOID:0050589	OMIM:612288
DOID:0050589	OMIM:612354
DOID:0050589	OMIM:612380
DOID:0050589	OMIM:612381
DOID:0050589	OMIM:612566
DOID:0050589	OMIM:612567
DOID:0050589	OMIM:612639
DOID:0050589	OMIM:612796
DOID:0050589	OMIM:613148
DOID:0050587	OMIM:613229
DOID:0050585	OMIM:269700
DOID:0050585	OMIM:608594
DOID:0050585	OMIM:612526
DOID:0050585	OMIM:613327
DOID:0050580	OMIM:153100
DOID:0050580	OMIM:153200
DOID:0050580	OMIM:247440
DOID:0050580	OMIM:611944
DOID:0050580	OMIM:613480
DOID:0050580	OMIM:615907
DOID:11870	OMIM:172700
DOID:11726	OMIM:181350
DOID:11726	OMIM:300696
DOID:11726	OMIM:310300
DOID:11726	OMIM:612998
DOID:11726	OMIM:612999
DOID:11726	OMIM:614302
DOID:11723	OMIM:310200
DOID:11722	OMIM:160900
DOID:11720	OMIM:160300
DOID:11720	OMIM:160500
DOID:11720	OMIM:254130
DOID:11720	OMIM:606768
DOID:11720	OMIM:607569
DOID:11720	OMIM:610099
DOID:11720	OMIM:613318
DOID:11720	OMIM:613319
DOID:11720	OMIM:614065
DOID:11720	OMIM:614321
DOID:0050968	OMIM:604121
DOID:0050969	OMIM:607458
DOID:0080105	OMIM:251270
DOID:0080102	OMIM:255310
DOID:0080102	OMIM:300580
DOID:980	OMIM:215500
DOID:987	OMIM:109200
DOID:987	OMIM:300042
DOID:986	OMIM:104000
DOID:986	OMIM:610753
DOID:11612	OMIM:184700
DOID:0080064	OMIM:616127
DOID:0080065	OMIM:616291
DOID:0080066	OMIM:616354
DOID:0080067	OMIM:600361
DOID:0080060	OMIM:614322
DOID:0080061	OMIM:213200
DOID:0080062	OMIM:614831
DOID:0080063	OMIM:614229
DOID:0080068	OMIM:601152
DOID:0080068	OMIM:616505
DOID:10584	OMIM:120970
DOID:10584	OMIM:180100
DOID:10584	OMIM:180104
DOID:10584	OMIM:180105
DOID:10584	OMIM:180210
DOID:10584	OMIM:268000
DOID:10584	OMIM:268025
DOID:10584	OMIM:268060
DOID:10584	OMIM:300029
DOID:10584	OMIM:300424
DOID:10584	OMIM:300605
DOID:10584	OMIM:312600
DOID:10584	OMIM:312612
DOID:10584	OMIM:400004
DOID:10584	OMIM:600059
DOID:10584	OMIM:600105
DOID:10584	OMIM:600132
DOID:10584	OMIM:600138
DOID:10584	OMIM:600852
DOID:10584	OMIM:601414
DOID:10584	OMIM:601718
DOID:10584	OMIM:602594
DOID:10584	OMIM:602772
DOID:10584	OMIM:606068
DOID:10584	OMIM:607921
DOID:10584	OMIM:608133
DOID:10584	OMIM:608380
DOID:10584	OMIM:609913
DOID:10584	OMIM:609923
DOID:10584	OMIM:610282
DOID:10584	OMIM:610359
DOID:10584	OMIM:610599
DOID:10584	OMIM:611131
DOID:10584	OMIM:612095
DOID:10584	OMIM:612165
DOID:10584	OMIM:612572
DOID:10584	OMIM:612712
DOID:10584	OMIM:612943
DOID:10584	OMIM:613194
DOID:10584	OMIM:613428
DOID:10584	OMIM:613464
DOID:10584	OMIM:613575
DOID:10584	OMIM:613581
DOID:10584	OMIM:613582
DOID:10584	OMIM:613617
DOID:10584	OMIM:613731
DOID:10584	OMIM:613750
DOID:10584	OMIM:613756
DOID:10584	OMIM:613758
DOID:10584	OMIM:613767
DOID:10584	OMIM:613769
DOID:10584	OMIM:613794
DOID:10584	OMIM:613801
DOID:10584	OMIM:613810
DOID:10584	OMIM:613827
DOID:10584	OMIM:613861
DOID:10584	OMIM:613862
DOID:10584	OMIM:613983
DOID:10584	OMIM:614180
DOID:10584	OMIM:614181
DOID:10584	OMIM:614494
DOID:10584	OMIM:615233
DOID:10584	OMIM:615434
DOID:10584	OMIM:615565
DOID:10584	OMIM:615725
DOID:10584	OMIM:615780
DOID:10584	OMIM:615922
DOID:3883	OMIM:120435
DOID:3883	OMIM:609310
DOID:3883	OMIM:613244
DOID:3883	OMIM:614331
DOID:3883	OMIM:614337
DOID:3883	OMIM:614350
DOID:3883	OMIM:614385
DOID:3246	OMIM:268210
DOID:2339	OMIM:123500
DOID:3535	OMIM:254800
DOID:0080110	OMIM:178110
DOID:0080110	OMIM:253290
DOID:0080110	OMIM:265000
DOID:0080110	OMIM:312150
DOID:11476	OMIM:166710
DOID:437	OMIM:254200
DOID:8864	OMIM:151380
DOID:0050982	OMIM:613908
DOID:0050451	OMIM:601144
DOID:0050451	OMIM:611777
DOID:0050451	OMIM:611875
DOID:0050451	OMIM:611876
DOID:0050451	OMIM:612838
DOID:0050451	OMIM:613119
DOID:0050451	OMIM:613120
DOID:0050451	OMIM:613123
DOID:0050980	OMIM:117210
DOID:758	OMIM:270100
DOID:0050981	OMIM:133190
DOID:0050986	OMIM:616053
DOID:0050985	OMIM:615957
DOID:769	OMIM:256700
DOID:769	OMIM:613013
DOID:769	OMIM:613014
DOID:769	OMIM:613015
DOID:769	OMIM:613016
DOID:10825	OMIM:145500
DOID:10825	OMIM:603918
DOID:10825	OMIM:604329
DOID:10825	OMIM:607329
DOID:10825	OMIM:608742
DOID:10825	OMIM:610261
DOID:10825	OMIM:610262
DOID:10825	OMIM:610948
DOID:10825	OMIM:611014
DOID:13809	OMIM:144250
DOID:6543	OMIM:604324
DOID:0060180	OMIM:191390
DOID:14227	OMIM:102530
DOID:14227	OMIM:108420
DOID:14227	OMIM:243060
DOID:14227	OMIM:258150
DOID:14227	OMIM:270960
DOID:14227	OMIM:309120
DOID:14227	OMIM:415000
DOID:14227	OMIM:606766
DOID:14227	OMIM:612997
DOID:14227	OMIM:613957
DOID:14227	OMIM:613958
DOID:14227	OMIM:614822
DOID:14227	OMIM:615081
DOID:14227	OMIM:615413
DOID:14227	OMIM:615841
DOID:14227	OMIM:615842
DOID:14692	OMIM:270400
DOID:14693	OMIM:129500
DOID:0060365	OMIM:616367
DOID:0060367	OMIM:168601
DOID:0060360	OMIM:101840
DOID:10915	OMIM:277730
DOID:0060369	OMIM:605909
DOID:0060368	OMIM:600116
DOID:0060417	OMIM:613792
DOID:1470	OMIM:608520
DOID:1470	OMIM:608691
DOID:0060415	OMIM:612513
DOID:0060414	OMIM:613564
DOID:0060413	OMIM:611867
DOID:0060412	OMIM:612530
DOID:0060411	OMIM:612474
DOID:1067	OMIM:137750
DOID:1067	OMIM:177700
DOID:1067	OMIM:601682
DOID:1067	OMIM:602429
DOID:1067	OMIM:603383
DOID:1067	OMIM:606689
DOID:1067	OMIM:608695
DOID:1067	OMIM:608696
DOID:1067	OMIM:609745
DOID:1067	OMIM:609887
DOID:1067	OMIM:610535
DOID:1067	OMIM:611274
DOID:1067	OMIM:611276
DOID:1067	OMIM:613100
DOID:1064	OMIM:219750
DOID:1064	OMIM:219800
DOID:1064	OMIM:219900
DOID:14768	OMIM:101400
DOID:1062	OMIM:134600
DOID:1062	OMIM:613388
DOID:1062	OMIM:615605
DOID:14762	OMIM:186400
DOID:14764	OMIM:150250
DOID:14766	OMIM:191830
DOID:0050684	OMIM:211180
DOID:0050680	OMIM:112310
DOID:0050683	OMIM:607475
DOID:0050682	OMIM:601536
DOID:0050689	OMIM:610713
DOID:0050759	OMIM:602668
DOID:12217	OMIM:127750
DOID:0050752	OMIM:608627
DOID:0050757	OMIM:304700
DOID:0050754	OMIM:208920
DOID:0050591	OMIM:106600
DOID:0050591	OMIM:150400
DOID:0050591	OMIM:313500
DOID:0050591	OMIM:602639
DOID:0050591	OMIM:604625
DOID:0050591	OMIM:610926
DOID:0050591	OMIM:613097
DOID:0050590	OMIM:202700
DOID:0050590	OMIM:300299
DOID:0050590	OMIM:610738
DOID:0050590	OMIM:612541
DOID:0050590	OMIM:613107
DOID:0050590	OMIM:615285
DOID:0050590	OMIM:616022
DOID:0050593	OMIM:613085
DOID:0050593	OMIM:613086
DOID:0050592	OMIM:208500
DOID:0050592	OMIM:611263
DOID:0050592	OMIM:613091
DOID:0050592	OMIM:613819
DOID:0050592	OMIM:614376
DOID:0050594	OMIM:261750
DOID:0050594	OMIM:306000
DOID:0050594	OMIM:613027
DOID:0050597	OMIM:181460
DOID:0050973	OMIM:610245
DOID:0050972	OMIM:607454
DOID:0050971	OMIM:608687
DOID:0050970	OMIM:607346
DOID:0050977	OMIM:610246
DOID:0050976	OMIM:609307
DOID:0050975	OMIM:609306
DOID:0050974	OMIM:608703
DOID:0050979	OMIM:613371
DOID:0050978	OMIM:117360
DOID:5557	OMIM:273300
DOID:5557	OMIM:300228
DOID:4971	OMIM:254450
DOID:11661	OMIM:190900
DOID:0080077	OMIM:612286
DOID:0080076	OMIM:256520
DOID:0080075	OMIM:616038
DOID:0080074	OMIM:301410
DOID:0080074	OMIM:601634
DOID:0080072	OMIM:243180
DOID:0080072	OMIM:601223
DOID:0080071	OMIM:252600
DOID:0080071	OMIM:252605
DOID:0080070	OMIM:252500
DOID:0080079	OMIM:161050
DOID:0080078	OMIM:612287
DOID:1909	OMIM:155600
DOID:10591	OMIM:189800
DOID:10591	OMIM:609402
DOID:10591	OMIM:609403
DOID:10591	OMIM:609404
DOID:10591	OMIM:614592
DOID:13241	OMIM:109650
DOID:0080109	OMIM:228550
DOID:0080109	OMIM:615293
DOID:0080108	OMIM:160010
DOID:0080108	OMIM:268200
DOID:0080108	OMIM:550500
DOID:0080107	OMIM:616335
DOID:0080106	OMIM:616171
DOID:0080103	OMIM:160990
DOID:13636	OMIM:227645
DOID:13636	OMIM:227646
DOID:13636	OMIM:227650
DOID:13636	OMIM:300514
DOID:13636	OMIM:600901
DOID:13636	OMIM:603467
DOID:13636	OMIM:605724
DOID:13636	OMIM:609053
DOID:13636	OMIM:609054
DOID:13636	OMIM:610832
DOID:13636	OMIM:613390
DOID:13636	OMIM:613951
DOID:13636	OMIM:614082
DOID:13636	OMIM:614083
DOID:13636	OMIM:614087
DOID:13636	OMIM:615272
DOID:0080101	OMIM:612540
DOID:0080100	OMIM:255300
DOID:3347	OMIM:259500
DOID:743	OMIM:125635
DOID:14221	OMIM:605552
DOID:2106	OMIM:160800
DOID:2106	OMIM:255700
DOID:6688	OMIM:601859
DOID:6688	OMIM:603909
DOID:6688	OMIM:607271
DOID:6688	OMIM:614470
DOID:0060174	OMIM:613163
DOID:13810	OMIM:143890
DOID:13810	OMIM:144400
DOID:0060170	OMIM:604233
DOID:0060170	OMIM:604403
DOID:0060170	OMIM:609800
DOID:0060170	OMIM:611277
DOID:0060170	OMIM:612279
DOID:0060170	OMIM:613828
DOID:0060170	OMIM:613863
DOID:0060171	OMIM:607208
DOID:0060178	OMIM:141500
DOID:0060178	OMIM:300125
DOID:0060178	OMIM:602481
DOID:0060178	OMIM:607516
DOID:0060178	OMIM:609634
DOID:0060179	OMIM:309500
DOID:14681	OMIM:180860
DOID:14686	OMIM:180500
DOID:14686	OMIM:601499
DOID:14686	OMIM:602482
DOID:1485	OMIM:219700
DOID:0060316	OMIM:311200
DOID:0060318	OMIM:612376
DOID:0060428	OMIM:612313
DOID:0060422	OMIM:612582
DOID:0060423	OMIM:613544
DOID:0060420	OMIM:613509
DOID:0060421	OMIM:615668
DOID:0060426	OMIM:613638
DOID:0060427	OMIM:300679
DOID:0060424	OMIM:612863
DOID:0060425	OMIM:614230
DOID:9822	OMIM:613105
DOID:5812	OMIM:209920
DOID:5810	OMIM:102700
DOID:0060228	OMIM:105800
DOID:0060228	OMIM:300870
DOID:0060228	OMIM:608542
DOID:0060228	OMIM:609122
DOID:0060228	OMIM:610213
DOID:0060228	OMIM:611892
DOID:0060228	OMIM:612161
DOID:0060228	OMIM:612162
DOID:0060228	OMIM:612586
DOID:0060228	OMIM:612587
DOID:0060228	OMIM:614252
DOID:0060229	OMIM:243310
DOID:0060229	OMIM:614583
DOID:0060225	OMIM:248340
DOID:0060225	OMIM:257920
DOID:0060225	OMIM:265050
DOID:0060221	OMIM:614569
DOID:0060222	OMIM:607016
DOID:0050764	OMIM:300261
DOID:0050763	OMIM:208085
DOID:0050763	OMIM:613404
DOID:9220	OMIM:107640
DOID:9220	OMIM:207720
DOID:0050768	OMIM:604273
DOID:0050769	OMIM:310465
DOID:0050564	OMIM:124900
DOID:0050564	OMIM:600101
DOID:0050564	OMIM:600652
DOID:0050564	OMIM:600965
DOID:0050564	OMIM:600994
DOID:0050564	OMIM:601316
DOID:0050564	OMIM:601317
DOID:0050564	OMIM:601369
DOID:0050564	OMIM:601412
DOID:0050564	OMIM:601543
DOID:0050564	OMIM:601544
DOID:0050564	OMIM:601868
DOID:0050564	OMIM:602459
DOID:0050564	OMIM:603622
DOID:0050564	OMIM:603964
DOID:0050564	OMIM:604717
DOID:0050564	OMIM:605192
DOID:0050564	OMIM:605583
DOID:0050564	OMIM:605594
DOID:0050564	OMIM:606012
DOID:0050564	OMIM:606282
DOID:0050564	OMIM:606346
DOID:0050564	OMIM:606451
DOID:0050564	OMIM:606705
DOID:0050564	OMIM:607017
DOID:0050564	OMIM:607197
DOID:0050564	OMIM:607453
DOID:0050564	OMIM:607683
DOID:0050564	OMIM:607841
DOID:0050564	OMIM:608224
DOID:0050564	OMIM:608372
DOID:0050564	OMIM:608394
DOID:0050564	OMIM:608641
DOID:0050564	OMIM:608645
DOID:0050564	OMIM:608652
DOID:0050564	OMIM:609965
DOID:0050564	OMIM:612431
DOID:0050564	OMIM:612642
DOID:0050564	OMIM:612643
DOID:0050564	OMIM:612644
DOID:0050564	OMIM:613074
DOID:0050564	OMIM:613558
DOID:0050564	OMIM:614152
DOID:0050564	OMIM:614211
DOID:0050564	OMIM:614614
DOID:0050564	OMIM:615629
DOID:0050564	OMIM:615649
DOID:0050564	OMIM:615654
DOID:0050564	OMIM:616044
DOID:0050564	OMIM:616340
DOID:0050564	OMIM:616357
DOID:0050565	OMIM:220290
DOID:0050565	OMIM:600060
DOID:0050565	OMIM:600316
DOID:0050565	OMIM:600792
DOID:0050565	OMIM:600971
DOID:0050565	OMIM:600974
DOID:0050565	OMIM:601071
DOID:0050565	OMIM:601072
DOID:0050565	OMIM:601386
DOID:0050565	OMIM:601869
DOID:0050565	OMIM:602092
DOID:0050565	OMIM:603010
DOID:0050565	OMIM:603098
DOID:0050565	OMIM:603629
DOID:0050565	OMIM:603678
DOID:0050565	OMIM:603720
DOID:0050565	OMIM:604060
DOID:0050565	OMIM:605316
DOID:0050565	OMIM:605428
DOID:0050565	OMIM:605818
DOID:0050565	OMIM:607039
DOID:0050565	OMIM:607084
DOID:0050565	OMIM:607101
DOID:0050565	OMIM:607197
DOID:0050565	OMIM:607239
DOID:0050565	OMIM:607821
DOID:0050565	OMIM:608219
DOID:0050565	OMIM:608264
DOID:0050565	OMIM:608265
DOID:0050565	OMIM:608565
DOID:0050565	OMIM:608653
DOID:0050565	OMIM:609006
DOID:0050565	OMIM:609439
DOID:0050565	OMIM:609533
DOID:0050565	OMIM:609646
DOID:0050565	OMIM:609647
DOID:0050565	OMIM:609706
DOID:0050565	OMIM:609823
DOID:0050565	OMIM:609941
DOID:0050565	OMIM:609946
DOID:0050565	OMIM:609952
DOID:0050565	OMIM:610143
DOID:0050565	OMIM:610153
DOID:0050565	OMIM:610154
DOID:0050565	OMIM:610212
DOID:0050565	OMIM:610220
DOID:0050565	OMIM:610248
DOID:0050565	OMIM:610265
DOID:0050565	OMIM:610419
DOID:0050565	OMIM:611022
DOID:0050565	OMIM:611451
DOID:0050565	OMIM:612433
DOID:0050565	OMIM:612645
DOID:0050565	OMIM:612789
DOID:0050565	OMIM:613079
DOID:0050565	OMIM:613285
DOID:0050565	OMIM:613307
DOID:0050565	OMIM:613391
DOID:0050565	OMIM:613392
DOID:0050565	OMIM:613453
DOID:0050565	OMIM:613557
DOID:0050565	OMIM:613685
DOID:0050565	OMIM:613718
DOID:0050565	OMIM:613865
DOID:0050565	OMIM:613916
DOID:0050565	OMIM:614035
DOID:0050565	OMIM:614414
DOID:0050565	OMIM:614617
DOID:0050565	OMIM:614861
DOID:0050565	OMIM:614899
DOID:0050565	OMIM:614934
DOID:0050565	OMIM:614944
DOID:0050565	OMIM:614945
DOID:0050565	OMIM:615429
DOID:0050565	OMIM:615540
DOID:0050565	OMIM:615837
DOID:0050565	OMIM:615974
DOID:0050565	OMIM:616042
DOID:0050565	OMIM:616515
DOID:0050566	OMIM:300030
DOID:0050566	OMIM:300066
DOID:0050566	OMIM:300614
DOID:0050566	OMIM:300914
DOID:0050566	OMIM:304400
DOID:0050566	OMIM:304500
DOID:0050567	OMIM:119530
DOID:0050567	OMIM:600625
DOID:0050567	OMIM:600757
DOID:0050567	OMIM:602966
DOID:0050567	OMIM:608371
DOID:0050567	OMIM:608864
DOID:0050567	OMIM:608874
DOID:0050567	OMIM:610361
DOID:0050567	OMIM:612858
DOID:0050567	OMIM:613705
DOID:0050567	OMIM:613857
DOID:0050567	OMIM:615892
DOID:0050560	OMIM:236670
DOID:0050560	OMIM:253280
DOID:0050561	OMIM:606369
DOID:0050568	OMIM:122600
DOID:0050568	OMIM:277300
DOID:0050568	OMIM:608681
DOID:0050568	OMIM:609813
DOID:0050568	OMIM:613686
DOID:0050569	OMIM:210600
DOID:0050569	OMIM:606744
DOID:0050569	OMIM:608664
DOID:0050569	OMIM:613676
DOID:0050569	OMIM:613823
DOID:0050569	OMIM:614728
DOID:0050569	OMIM:614851
DOID:0050569	OMIM:615807
DOID:0050788	OMIM:185800
DOID:0050789	OMIM:186570
DOID:9007	OMIM:272120
DOID:0050786	OMIM:137600
DOID:0050786	OMIM:601631
DOID:0050787	OMIM:174900
DOID:0050780	OMIM:145410
DOID:0050780	OMIM:300000
DOID:0050781	OMIM:300855
DOID:5768	OMIM:154400
DOID:9649	OMIM:164100
DOID:9649	OMIM:193003
DOID:9649	OMIM:300589
DOID:9649	OMIM:300814
DOID:9649	OMIM:608345
DOID:9649	OMIM:614826
DOID:3429	OMIM:147421
DOID:3429	OMIM:600737
DOID:3429	OMIM:605637
DOID:3429	OMIM:605820
DOID:0080042	OMIM:616204
DOID:0080046	OMIM:108300
DOID:0080046	OMIM:184840
DOID:0080046	OMIM:604841
DOID:0080047	OMIM:177170
DOID:12731	OMIM:606177
DOID:0050419	OMIM:610984
DOID:0050948	OMIM:193100
DOID:0050949	OMIM:241520
DOID:0050949	OMIM:613312
DOID:0050946	OMIM:270550
DOID:0050947	OMIM:241530
DOID:0050944	OMIM:614487
DOID:0050945	OMIM:108650
DOID:0050942	OMIM:611390
DOID:0050943	OMIM:613672
DOID:0050941	OMIM:611302
DOID:2352	OMIM:231100
DOID:2352	OMIM:235200
DOID:2352	OMIM:602390
DOID:2352	OMIM:604250
DOID:2352	OMIM:606069
DOID:2352	OMIM:613313
DOID:529	OMIM:606798
DOID:1312	OMIM:603278
DOID:1312	OMIM:603965
DOID:1312	OMIM:607832
DOID:1312	OMIM:612551
DOID:1312	OMIM:613237
DOID:1312	OMIM:614131
DOID:1312	OMIM:616002
DOID:1312	OMIM:616032
DOID:13641	OMIM:177650
DOID:14218	OMIM:274270
DOID:14219	OMIM:179830
DOID:14219	OMIM:267200
DOID:14219	OMIM:602722
DOID:893	OMIM:277900
DOID:1838	OMIM:309400
DOID:14365	OMIM:212140
DOID:0060162	OMIM:125370
DOID:0060169	OMIM:601764
DOID:0060169	OMIM:605751
DOID:0060169	OMIM:607745
DOID:0060169	OMIM:612627
DOID:397	OMIM:115210
DOID:397	OMIM:609578
DOID:397	OMIM:612422
DOID:397	OMIM:615248
DOID:0060303	OMIM:613825
DOID:0060302	OMIM:613789
DOID:0060301	OMIM:613790
DOID:0060300	OMIM:610102
DOID:0060307	OMIM:156200
DOID:0060307	OMIM:612337
DOID:0060307	OMIM:612580
DOID:0060307	OMIM:612581
DOID:0060307	OMIM:612621
DOID:0060307	OMIM:613443
DOID:0060307	OMIM:613970
DOID:0060307	OMIM:614104
DOID:0060307	OMIM:614113
DOID:0060307	OMIM:614254
DOID:0060307	OMIM:614255
DOID:0060307	OMIM:614256
DOID:0060307	OMIM:614257
DOID:0060307	OMIM:614562
DOID:0060307	OMIM:614563
DOID:0060307	OMIM:614607
DOID:0060307	OMIM:614608
DOID:0060307	OMIM:614609
DOID:0060307	OMIM:615009
DOID:0060307	OMIM:615074
DOID:0060307	OMIM:615075
DOID:0060307	OMIM:615502
DOID:0060307	OMIM:615761
DOID:0060307	OMIM:615828
DOID:0060307	OMIM:615834
DOID:0060307	OMIM:615873
DOID:0060309	OMIM:300055
DOID:0060309	OMIM:300218
DOID:0060309	OMIM:300220
DOID:0060309	OMIM:300238
DOID:0060309	OMIM:300676
DOID:0060309	OMIM:300709
DOID:0060309	OMIM:300858
DOID:0060309	OMIM:300886
DOID:0060309	OMIM:304340
DOID:0060309	OMIM:309545
DOID:0060308	OMIM:249500
DOID:0060308	OMIM:607417
DOID:0060308	OMIM:608443
DOID:0060308	OMIM:611090
DOID:0060308	OMIM:611091
DOID:0060308	OMIM:611092
DOID:0060308	OMIM:611093
DOID:0060308	OMIM:611094
DOID:0060308	OMIM:611095
DOID:0060308	OMIM:611096
DOID:0060308	OMIM:611097
DOID:0060308	OMIM:611107
DOID:0060308	OMIM:614020
DOID:0060308	OMIM:614208
DOID:0060308	OMIM:614249
DOID:0060308	OMIM:614329
DOID:0060308	OMIM:614333
DOID:0060308	OMIM:614339
DOID:0060308	OMIM:614340
DOID:0060308	OMIM:614341
DOID:0060308	OMIM:614342
DOID:0060308	OMIM:614343
DOID:0060308	OMIM:614344
DOID:0060308	OMIM:614345
DOID:0060308	OMIM:614346
DOID:0060308	OMIM:614347
DOID:0060308	OMIM:614499
DOID:0060308	OMIM:614562
DOID:0060308	OMIM:615493
DOID:0060308	OMIM:615516
DOID:0060308	OMIM:615541
DOID:0060308	OMIM:615599
DOID:0060308	OMIM:615637
DOID:0060308	OMIM:615802
DOID:0060308	OMIM:615817
DOID:0060308	OMIM:615942
DOID:0060435	OMIM:612475
DOID:0060434	OMIM:613533
DOID:0060437	OMIM:615538
DOID:0060436	OMIM:608363
DOID:0060431	OMIM:613458
DOID:0060430	OMIM:614671
DOID:0060433	OMIM:614526
DOID:13137	OMIM:253300
DOID:1588	OMIM:188000
DOID:1588	OMIM:273900
DOID:1588	OMIM:300367
DOID:1588	OMIM:313900
DOID:1588	OMIM:612004
DOID:14789	OMIM:183900
DOID:0060233	OMIM:115150
DOID:0060233	OMIM:615278
DOID:0060233	OMIM:615279
DOID:0060233	OMIM:615280
DOID:0060231	OMIM:259450
DOID:0060231	OMIM:609220
DOID:9538	OMIM:254500
DOID:0050771	OMIM:171300
DOID:0050770	OMIM:174050
DOID:12236	OMIM:109720
DOID:12236	OMIM:613007
DOID:12236	OMIM:613008
DOID:12236	OMIM:614220
DOID:12236	OMIM:614221
DOID:0050772	OMIM:108600
DOID:0050775	OMIM:269250
DOID:0050777	OMIM:213300
DOID:0050777	OMIM:300804
DOID:0050777	OMIM:608091
DOID:0050777	OMIM:608629
DOID:0050777	OMIM:609583
DOID:0050777	OMIM:610188
DOID:0050777	OMIM:610688
DOID:0050777	OMIM:611560
DOID:0050777	OMIM:612285
DOID:0050777	OMIM:612291
DOID:0050777	OMIM:614173
DOID:0050777	OMIM:614424
DOID:0050777	OMIM:614464
DOID:0050777	OMIM:614465
DOID:0050777	OMIM:614615
DOID:0050777	OMIM:614815
DOID:0050777	OMIM:614970
DOID:0050777	OMIM:615636
DOID:0050777	OMIM:615665
DOID:0050777	OMIM:616654
DOID:0050776	OMIM:300046
DOID:0050776	OMIM:300047
DOID:0050776	OMIM:300062
DOID:0050776	OMIM:300114
DOID:0050776	OMIM:300115
DOID:0050776	OMIM:300143
DOID:0050776	OMIM:300210
DOID:0050776	OMIM:300271
DOID:0050776	OMIM:300324
DOID:0050776	OMIM:300355
DOID:0050776	OMIM:300372
DOID:0050776	OMIM:300387
DOID:0050776	OMIM:300428
DOID:0050776	OMIM:300433
DOID:0050776	OMIM:300436
DOID:0050776	OMIM:300454
DOID:0050776	OMIM:300498
DOID:0050776	OMIM:300504
DOID:0050776	OMIM:300505
DOID:0050776	OMIM:300518
DOID:0050776	OMIM:300551
DOID:0050776	OMIM:300558
DOID:0050776	OMIM:300577
DOID:0050776	OMIM:300659
DOID:0050776	OMIM:300716
DOID:0050776	OMIM:300802
DOID:0050776	OMIM:300803
DOID:0050776	OMIM:300844
DOID:0050776	OMIM:300848
DOID:0050776	OMIM:300849
DOID:0050776	OMIM:300850
DOID:0050776	OMIM:300851
DOID:0050776	OMIM:300852
DOID:0050776	OMIM:300912
DOID:0050776	OMIM:300919
DOID:0050776	OMIM:300923
DOID:0050776	OMIM:309530
DOID:0050776	OMIM:309549
DOID:0050778	OMIM:249000
DOID:0050778	OMIM:267010
DOID:0050778	OMIM:603194
DOID:0050778	OMIM:607361
DOID:0050778	OMIM:611134
DOID:0050778	OMIM:611561
DOID:0050778	OMIM:612284
DOID:0050778	OMIM:613885
DOID:0050778	OMIM:614175
DOID:0050778	OMIM:614209
DOID:0050778	OMIM:615397
DOID:9256	OMIM:114500
DOID:9256	OMIM:608812
DOID:9256	OMIM:611469
DOID:9256	OMIM:612229
DOID:9256	OMIM:612230
DOID:9256	OMIM:612231
DOID:9256	OMIM:612232
DOID:9256	OMIM:612589
DOID:9256	OMIM:612590
DOID:9256	OMIM:612591
DOID:9256	OMIM:612592
DOID:9256	OMIM:615083
DOID:9250	OMIM:200990
DOID:9253	OMIM:606764
DOID:0050577	OMIM:218330
DOID:0050577	OMIM:613610
DOID:0050576	OMIM:266900
DOID:0050576	OMIM:606995
DOID:0050576	OMIM:606996
DOID:0050576	OMIM:609254
DOID:0050576	OMIM:610189
DOID:0050576	OMIM:613615
DOID:0050575	OMIM:600721
DOID:0050575	OMIM:613657
DOID:0050574	OMIM:236792
DOID:0050572	OMIM:120970
DOID:0050572	OMIM:300085
DOID:0050572	OMIM:300476
DOID:0050572	OMIM:304020
DOID:0050572	OMIM:600624
DOID:0050572	OMIM:600977
DOID:0050572	OMIM:601777
DOID:0050572	OMIM:602093
DOID:0050572	OMIM:603649
DOID:0050572	OMIM:604116
DOID:0050572	OMIM:605549
DOID:0050572	OMIM:607476
DOID:0050572	OMIM:608194
DOID:0050572	OMIM:610283
DOID:0050572	OMIM:610381
DOID:0050572	OMIM:612657
DOID:0050572	OMIM:612775
DOID:0050572	OMIM:613660
DOID:0050572	OMIM:614500
DOID:0050572	OMIM:615163
DOID:0050572	OMIM:615374
DOID:0050572	OMIM:615860
DOID:0050572	OMIM:615973
DOID:0050571	OMIM:212066
DOID:0050571	OMIM:266265
DOID:0050571	OMIM:603585
DOID:0050571	OMIM:606056
DOID:0050571	OMIM:607091
DOID:0050571	OMIM:608779
DOID:0050571	OMIM:611182
DOID:0050571	OMIM:611209
DOID:0050571	OMIM:613489
DOID:0050571	OMIM:613612
DOID:0050570	OMIM:212065
DOID:0050570	OMIM:601110
DOID:0050570	OMIM:602579
DOID:0050570	OMIM:603147
DOID:0050570	OMIM:607143
DOID:0050570	OMIM:607906
DOID:0050570	OMIM:608093
DOID:0050570	OMIM:608104
DOID:0050570	OMIM:608540
DOID:0050570	OMIM:608776
DOID:0050570	OMIM:608799
DOID:0050570	OMIM:609180
DOID:0050570	OMIM:610768
DOID:0050570	OMIM:612015
DOID:0050570	OMIM:612379
DOID:0050570	OMIM:612937
DOID:0050570	OMIM:613661
DOID:0050579	OMIM:613507
DOID:0050578	OMIM:613587
DOID:9074	OMIM:152700
DOID:9074	OMIM:300809
DOID:9074	OMIM:601744
DOID:9074	OMIM:605218
DOID:9074	OMIM:605480
DOID:9074	OMIM:608437
DOID:9074	OMIM:609903
DOID:9074	OMIM:609939
DOID:9074	OMIM:610065
DOID:9074	OMIM:610066
DOID:9074	OMIM:610927
DOID:9074	OMIM:612251
DOID:9074	OMIM:612253
DOID:9074	OMIM:612254
DOID:9074	OMIM:612378
DOID:9074	OMIM:613145
DOID:9074	OMIM:614420
DOID:0050799	OMIM:612736
DOID:3635	OMIM:254210
DOID:3635	OMIM:254300
DOID:3635	OMIM:601462
DOID:3635	OMIM:605809
DOID:3635	OMIM:608930
DOID:3635	OMIM:608931
DOID:3635	OMIM:610542
DOID:3635	OMIM:614198
DOID:3635	OMIM:614750
DOID:3635	OMIM:615120
DOID:3635	OMIM:616040
DOID:3635	OMIM:616227
DOID:3635	OMIM:616228
DOID:3635	OMIM:616304
DOID:3635	OMIM:616313
DOID:3635	OMIM:616314
DOID:3635	OMIM:616321
DOID:3635	OMIM:616322
DOID:3635	OMIM:616323
DOID:3635	OMIM:616324
DOID:3635	OMIM:616325
DOID:3635	OMIM:616326
DOID:3635	OMIM:616330
DOID:0050793	OMIM:609620
DOID:0050793	OMIM:609621
DOID:0050793	OMIM:609622
DOID:0050792	OMIM:600195
DOID:0050790	OMIM:228900
DOID:1852	OMIM:147480
DOID:1852	OMIM:211600
DOID:1852	OMIM:243300
DOID:1852	OMIM:601847
DOID:1852	OMIM:602347
DOID:1852	OMIM:605479
DOID:1852	OMIM:614972
DOID:1852	OMIM:615878
DOID:13317	OMIM:256450
DOID:13317	OMIM:601820
DOID:13317	OMIM:602485
DOID:13317	OMIM:606762
DOID:13317	OMIM:609968
DOID:13317	OMIM:609975
DOID:13317	OMIM:610021
DOID:4990	OMIM:190300
DOID:4990	OMIM:602134
DOID:4990	OMIM:611456
DOID:4990	OMIM:614782
DOID:4998	OMIM:150230
DOID:12306	OMIM:193200
DOID:5485	OMIM:300813
DOID:0080059	OMIM:609270
DOID:0080058	OMIM:615386
DOID:0080055	OMIM:600972
DOID:0080054	OMIM:200600
DOID:0080057	OMIM:615705
DOID:0080056	OMIM:200610
DOID:0080051	OMIM:201250
DOID:0080050	OMIM:602875
DOID:0080053	OMIM:103580
DOID:0080052	OMIM:200700
DOID:3748	OMIM:133239
DOID:13269	OMIM:121300
DOID:1926	OMIM:230800
DOID:1926	OMIM:230900
DOID:1926	OMIM:231000
DOID:1926	OMIM:608013
DOID:1926	OMIM:610539
DOID:1924	OMIM:146110
DOID:0050959	OMIM:608768
DOID:0050958	OMIM:164500
DOID:0050955	OMIM:183090
DOID:0050954	OMIM:164400
DOID:0050956	OMIM:183086
DOID:2340	OMIM:123100
DOID:2340	OMIM:182212
DOID:2340	OMIM:600593
DOID:2340	OMIM:600775
DOID:2340	OMIM:604757
DOID:2340	OMIM:615314
DOID:2340	OMIM:615529
DOID:2581	OMIM:215105
DOID:2583	OMIM:601495
DOID:2583	OMIM:612692
DOID:2583	OMIM:613500
DOID:2583	OMIM:613501
DOID:2583	OMIM:613502
DOID:2583	OMIM:613506
DOID:2583	OMIM:615214
DOID:3369	OMIM:612219
DOID:8691	OMIM:254400
DOID:11335	OMIM:181000
DOID:11335	OMIM:609464
DOID:11335	OMIM:612387
DOID:11335	OMIM:612388
DOID:0050601	OMIM:103285
DOID:12783	OMIM:607501
DOID:10871	OMIM:153800
DOID:10871	OMIM:603075
DOID:10871	OMIM:608895
DOID:10871	OMIM:610149
DOID:10871	OMIM:610698
DOID:10871	OMIM:611378
DOID:10871	OMIM:611488
DOID:10871	OMIM:611953
DOID:10871	OMIM:613757
DOID:10871	OMIM:613761
DOID:10871	OMIM:613778
DOID:10871	OMIM:613784
DOID:10871	OMIM:615439
DOID:10871	OMIM:615489
DOID:10871	OMIM:615591
DOID:10300	OMIM:179600
DOID:10892	OMIM:146450
DOID:10892	OMIM:300633
DOID:10892	OMIM:300758
DOID:10892	OMIM:300856
DOID:384	OMIM:194200
DOID:0060339	OMIM:616201
DOID:0060334	OMIM:601410
DOID:0060334	OMIM:610374
DOID:0060334	OMIM:610582
DOID:0060335	OMIM:182170
DOID:0060332	OMIM:614053
DOID:0060333	OMIM:615228
DOID:0060330	OMIM:129400
DOID:0060331	OMIM:614052
DOID:7998	OMIM:603373
DOID:7998	OMIM:609152
DOID:7997	OMIM:275000
DOID:0060444	OMIM:607541
DOID:6713	OMIM:601367
DOID:9808	OMIM:233450
DOID:1595	OMIM:608516
DOID:0060208	OMIM:614696
DOID:0060209	OMIM:614808
DOID:14557	OMIM:178600
DOID:14557	OMIM:265400
DOID:14557	OMIM:615342
DOID:14557	OMIM:615343
DOID:14557	OMIM:615344
DOID:0060202	OMIM:612577
DOID:0060203	OMIM:613435
DOID:0060200	OMIM:611895
DOID:0060201	OMIM:612069
DOID:0060206	OMIM:300857
DOID:0060207	OMIM:614373
DOID:0060204	OMIM:183090
DOID:0060205	OMIM:613954
DOID:0060195	OMIM:606640
DOID:9248	OMIM:146510
DOID:0050542	OMIM:300905
DOID:0050542	OMIM:302800
DOID:0050542	OMIM:302801
DOID:0050542	OMIM:302802
DOID:0050542	OMIM:310490
DOID:0050542	OMIM:311070
DOID:0050543	OMIM:606482
DOID:0050543	OMIM:606483
DOID:0050543	OMIM:607791
DOID:0050543	OMIM:608323
DOID:0050543	OMIM:608340
DOID:0050543	OMIM:613641
DOID:0050543	OMIM:614455
DOID:0050543	OMIM:615185
DOID:0050543	OMIM:615376
DOID:0050543	OMIM:616039
DOID:0050540	OMIM:145900
DOID:0050541	OMIM:145900
DOID:0050541	OMIM:158580
DOID:0050541	OMIM:158590
DOID:0050541	OMIM:182960
DOID:0050541	OMIM:214400
DOID:0050541	OMIM:600794
DOID:0050541	OMIM:601382
DOID:0050541	OMIM:601455
DOID:0050541	OMIM:601596
DOID:0050541	OMIM:604563
DOID:0050541	OMIM:605253
DOID:0050541	OMIM:605285
DOID:0050541	OMIM:607641
DOID:0050541	OMIM:607706
DOID:0050541	OMIM:608634
DOID:0050541	OMIM:609311
DOID:0050541	OMIM:611228
DOID:0050541	OMIM:613376
DOID:0050541	OMIM:614751
DOID:0050541	OMIM:614895
DOID:0050541	OMIM:615284
DOID:0050541	OMIM:615575
DOID:0050546	OMIM:613743
DOID:0050547	OMIM:155240
DOID:0050544	OMIM:613752
DOID:0050544	OMIM:614300
DOID:0050545	OMIM:306955
DOID:0050545	OMIM:605376
DOID:0050545	OMIM:606325
DOID:0050545	OMIM:613751
DOID:0050545	OMIM:614779
DOID:0050548	OMIM:162400
DOID:0050548	OMIM:201300
DOID:0050548	OMIM:256800
DOID:0050548	OMIM:256860
DOID:0050548	OMIM:310470
DOID:0050548	OMIM:608088
DOID:0050548	OMIM:608654
DOID:0050548	OMIM:613115
DOID:0050548	OMIM:613640
DOID:0050548	OMIM:613708
DOID:0050548	OMIM:614116
DOID:0050548	OMIM:614213
DOID:0050548	OMIM:614653
DOID:0050548	OMIM:615548
DOID:0050548	OMIM:615632
DOID:0050548	OMIM:616488
DOID:0050549	OMIM:263530
DOID:0050328	OMIM:218700
DOID:0050328	OMIM:225250
DOID:0050328	OMIM:274400
DOID:0050328	OMIM:274500
DOID:0050328	OMIM:274900
DOID:0050328	OMIM:275100
DOID:0050328	OMIM:275200
DOID:0050328	OMIM:607200
DOID:0050328	OMIM:609893
DOID:0050328	OMIM:614450
DOID:0080028	OMIM:184250
DOID:0080029	OMIM:615768
DOID:9119	OMIM:601626
DOID:9119	OMIM:602439
DOID:0080021	OMIM:156500
DOID:4346	OMIM:176200
DOID:0080026	OMIM:215150
DOID:898	OMIM:173900
DOID:898	OMIM:263200
DOID:898	OMIM:600666
DOID:898	OMIM:613095
DOID:3755	OMIM:613118
DOID:891	OMIM:254900
DOID:891	OMIM:310370
DOID:891	OMIM:611726
DOID:891	OMIM:612437
DOID:891	OMIM:613832
DOID:891	OMIM:614018
DOID:4184	OMIM:603233
DOID:4184	OMIM:612462
DOID:1932	OMIM:105830
DOID:1935	OMIM:209900
DOID:1935	OMIM:600151
DOID:1935	OMIM:605231
DOID:1935	OMIM:615981
DOID:1935	OMIM:615982
DOID:1935	OMIM:615983
DOID:1935	OMIM:615984
DOID:1935	OMIM:615985
DOID:1935	OMIM:615986
DOID:1935	OMIM:615987
DOID:1935	OMIM:615988
DOID:1935	OMIM:615989
DOID:1935	OMIM:615990
DOID:1935	OMIM:615991
DOID:1935	OMIM:615992
DOID:1935	OMIM:615993
DOID:1935	OMIM:615994
DOID:1935	OMIM:615995
DOID:1935	OMIM:615996
DOID:0050439	OMIM:276900
DOID:0050439	OMIM:276901
DOID:0050439	OMIM:276902
DOID:0050439	OMIM:276904
DOID:0050439	OMIM:601067
DOID:0050439	OMIM:602083
DOID:0050439	OMIM:602097
DOID:0050439	OMIM:605472
DOID:0050439	OMIM:606943
DOID:0050439	OMIM:611383
DOID:0050439	OMIM:612632
DOID:0050439	OMIM:614504
DOID:0050439	OMIM:614869
DOID:0050439	OMIM:614990
DOID:0050432	OMIM:300494
DOID:0050432	OMIM:300497
DOID:0050432	OMIM:608631
DOID:0050432	OMIM:608638
DOID:0050432	OMIM:608781
DOID:0050432	OMIM:609954
DOID:2377	OMIM:126200
DOID:2377	OMIM:612594
DOID:2377	OMIM:612595
DOID:2377	OMIM:612596
DOID:2377	OMIM:614810
DOID:2571	OMIM:246400
DOID:2571	OMIM:604856
DOID:11782	OMIM:603047
DOID:10652	OMIM:104300
DOID:10652	OMIM:104310
DOID:10652	OMIM:300756
DOID:10652	OMIM:502500
DOID:10652	OMIM:602096
DOID:10652	OMIM:604154
DOID:10652	OMIM:605526
DOID:10652	OMIM:606187
DOID:10652	OMIM:606889
DOID:10652	OMIM:607116
DOID:10652	OMIM:607822
DOID:10652	OMIM:608907
DOID:10652	OMIM:609636
DOID:10652	OMIM:609790
DOID:10652	OMIM:611073
DOID:10652	OMIM:611152
DOID:10652	OMIM:611154
DOID:10652	OMIM:611155
DOID:10652	OMIM:615080
DOID:10652	OMIM:615590
DOID:10652	OMIM:615711
DOID:3371	OMIM:215300
DOID:2481	OMIM:300088
DOID:2481	OMIM:300607
DOID:2481	OMIM:300672
DOID:2481	OMIM:607208
DOID:2481	OMIM:609304
DOID:2481	OMIM:612164
DOID:2481	OMIM:613402
DOID:2481	OMIM:613477
DOID:2481	OMIM:613720
DOID:2481	OMIM:613721
DOID:2481	OMIM:613722
DOID:8446	OMIM:147710
DOID:718	OMIM:205700
DOID:2156	OMIM:603737
DOID:2154	OMIM:194070
DOID:2394	OMIM:167000
DOID:2394	OMIM:607893
DOID:2626	OMIM:260500
DOID:10865	OMIM:100200
DOID:8584	OMIM:113970
DOID:8538	OMIM:267730
DOID:8534	OMIM:109350
DOID:8997	OMIM:263300
DOID:12642	OMIM:142400
DOID:0060327	OMIM:164750
DOID:1612	OMIM:114480
DOID:1612	OMIM:600048
DOID:1612	OMIM:605365
DOID:0060458	OMIM:613681
DOID:0060401	OMIM:614541
DOID:6498	OMIM:182000
DOID:0050156	OMIM:178500
DOID:0060211	OMIM:615426
DOID:0060210	OMIM:615515
DOID:0060213	OMIM:105550
DOID:0060212	OMIM:606070
DOID:0060218	OMIM:181750
DOID:4752	OMIM:146500
DOID:4751	OMIM:271930
DOID:4751	OMIM:500003
DOID:4751	OMIM:609161
DOID:1540	OMIM:608266
DOID:9271	OMIM:311250
DOID:0050559	OMIM:253800
DOID:0050558	OMIM:254090
DOID:0050554	OMIM:301310
DOID:0050557	OMIM:253900
DOID:0050557	OMIM:254100
DOID:0050557	OMIM:602541
DOID:0050557	OMIM:602771
DOID:0050557	OMIM:604801
DOID:0050557	OMIM:606612
DOID:0050557	OMIM:607855
DOID:0050557	OMIM:608840
DOID:0050557	OMIM:609456
DOID:0050557	OMIM:613204
DOID:0050557	OMIM:613205
DOID:0050556	OMIM:271245
DOID:0050553	OMIM:613732
DOID:3969	OMIM:188550
DOID:0050889	OMIM:613192
DOID:0050889	OMIM:614202
DOID:0050888	OMIM:300486
DOID:0050888	OMIM:300860
DOID:0050888	OMIM:309583
DOID:0050331	OMIM:149730
DOID:0050882	OMIM:600224
DOID:0050881	OMIM:167320
DOID:0050881	OMIM:615422
DOID:0050881	OMIM:615424
DOID:0050332	OMIM:600791
DOID:0050886	OMIM:275900
DOID:0050885	OMIM:614732
DOID:0050884	OMIM:615512
DOID:1712	OMIM:109730
DOID:1712	OMIM:614823
DOID:0080033	OMIM:122860
DOID:0080033	OMIM:123000
DOID:0080033	OMIM:218300
DOID:0080033	OMIM:218400
DOID:0080033	OMIM:614099
DOID:0080033	OMIM:614378
DOID:0080030	OMIM:602111
DOID:3762	OMIM:220110
DOID:1949	OMIM:600803
DOID:0050425	OMIM:102300
DOID:0050425	OMIM:610438
DOID:0050425	OMIM:610439
DOID:0050425	OMIM:611185
DOID:0050425	OMIM:611242
DOID:0050425	OMIM:612853
DOID:0050425	OMIM:615197
DOID:0050424	OMIM:175100
DOID:0050424	OMIM:608456
DOID:0050427	OMIM:278700
DOID:0050427	OMIM:278720
DOID:0050427	OMIM:278730
DOID:0050427	OMIM:278740
DOID:0050427	OMIM:278750
DOID:0050427	OMIM:278760
DOID:0050427	OMIM:278780
DOID:0050427	OMIM:610651
DOID:0050429	OMIM:169600
DOID:4535	OMIM:146520
DOID:4535	OMIM:146550
DOID:4535	OMIM:278150
DOID:4535	OMIM:601553
DOID:4535	OMIM:604379
DOID:4535	OMIM:605389
DOID:4535	OMIM:607903
DOID:4535	OMIM:612841
DOID:4535	OMIM:613981
DOID:4535	OMIM:614237
DOID:4535	OMIM:614238
DOID:4535	OMIM:615059
DOID:4535	OMIM:615885
DOID:4535	OMIM:615896
DOID:13515	OMIM:191100
DOID:13515	OMIM:613254
DOID:2962	OMIM:133540
DOID:2962	OMIM:216400
DOID:2962	OMIM:216411
DOID:446	OMIM:605635
DOID:446	OMIM:613677
DOID:445	OMIM:241200
DOID:445	OMIM:601678
DOID:445	OMIM:602522
DOID:445	OMIM:607364
DOID:445	OMIM:613090
DOID:705	OMIM:535000
DOID:8986	OMIM:161400
DOID:8986	OMIM:605841
DOID:8986	OMIM:609039
DOID:8986	OMIM:612417
DOID:8986	OMIM:612851
DOID:8986	OMIM:614223
DOID:8986	OMIM:614250
DOID:678	OMIM:601104
DOID:678	OMIM:609454
DOID:678	OMIM:610898
DOID:674	OMIM:119540
DOID:674	OMIM:119570
DOID:676	OMIM:604302
DOID:0060261	OMIM:178300
DOID:0060261	OMIM:300245
DOID:0060262	OMIM:609918
DOID:0060262	OMIM:609919
DOID:0060262	OMIM:611465
DOID:1040	OMIM:109543
DOID:1040	OMIM:151400
DOID:1040	OMIM:609630
DOID:1040	OMIM:612557
DOID:1040	OMIM:612558
DOID:1040	OMIM:612559
DOID:0060265	OMIM:607596
DOID:0060266	OMIM:614678
DOID:12241	OMIM:187550
DOID:12241	OMIM:603902
DOID:12241	OMIM:613985
DOID:0050528	OMIM:234050
DOID:0050529	OMIM:271150
DOID:9266	OMIM:220100
DOID:9261	OMIM:161550
DOID:9261	OMIM:607101
DOID:9261	OMIM:607107
DOID:9263	OMIM:236200
DOID:9263	OMIM:236250
DOID:9268	OMIM:605899
DOID:0050526	OMIM:137200
DOID:0050527	OMIM:145750
DOID:0060469	OMIM:247200
DOID:0060467	OMIM:143050
DOID:0060467	OMIM:236400
DOID:0050581	OMIM:112440
DOID:0050581	OMIM:112450
DOID:0050581	OMIM:112500
DOID:0050581	OMIM:112600
DOID:0050581	OMIM:112700
DOID:0050581	OMIM:112800
DOID:0050581	OMIM:112910
DOID:0050581	OMIM:113000
DOID:0050581	OMIM:113100
DOID:0050581	OMIM:113200
DOID:0050581	OMIM:113300
DOID:0050581	OMIM:301940
DOID:0050581	OMIM:607004
DOID:0050581	OMIM:611377
DOID:0050581	OMIM:613382
DOID:0050581	OMIM:615072
DOID:0060460	OMIM:613174
DOID:0060461	OMIM:300801
DOID:0050960	OMIM:603516
DOID:0050961	OMIM:604432
DOID:0050962	OMIM:604326
DOID:0050963	OMIM:605259
DOID:5723	OMIM:165300
DOID:5723	OMIM:165500
DOID:5723	OMIM:258500
DOID:5723	OMIM:311050
DOID:5723	OMIM:605293
DOID:5723	OMIM:610708
DOID:0050964	OMIM:605361
DOID:0050965	OMIM:606658
DOID:0050967	OMIM:607136
DOID:0050634	OMIM:203655
DOID:0050635	OMIM:104290
DOID:0050635	OMIM:614820
DOID:0050636	OMIM:105200
DOID:0050637	OMIM:105120
DOID:0050630	OMIM:300600
DOID:0050631	OMIM:300523
DOID:0050632	OMIM:203100
DOID:0050632	OMIM:203200
DOID:0050632	OMIM:203290
DOID:0050632	OMIM:606574
DOID:0050632	OMIM:606952
DOID:0050632	OMIM:614473
DOID:0050632	OMIM:615312
DOID:0050633	OMIM:300500
DOID:0050638	OMIM:105210
DOID:0050639	OMIM:105250
DOID:0050639	OMIM:613955
DOID:0050858	OMIM:602535
DOID:0050857	OMIM:233400
DOID:0050857	OMIM:614129
DOID:0050857	OMIM:614926
DOID:0050857	OMIM:615300
DOID:0050983	OMIM:614153
DOID:0050987	OMIM:612438
DOID:0050984	OMIM:615945
DOID:0050457	OMIM:305700
DOID:0050457	OMIM:400042
DOID:0050458	OMIM:607785
DOID:0050989	OMIM:160120
DOID:3805	OMIM:175800
DOID:4252	OMIM:203450
DOID:1123	OMIM:106300
DOID:13501	OMIM:157900
DOID:2951	OMIM:158280
DOID:2738	OMIM:177850
DOID:2738	OMIM:264800
DOID:2734	OMIM:124200
DOID:3393	OMIM:300464
DOID:3393	OMIM:607339
DOID:3393	OMIM:608316
DOID:3393	OMIM:608318
DOID:3393	OMIM:608320
DOID:3393	OMIM:608901
DOID:3393	OMIM:610938
DOID:3393	OMIM:610947
DOID:3393	OMIM:611139
DOID:3393	OMIM:612030
DOID:3393	OMIM:614293
DOID:3393	OMIM:614466
DOID:12801	OMIM:252900
DOID:12801	OMIM:252920
DOID:12801	OMIM:252930
DOID:12801	OMIM:252940
DOID:10241	OMIM:604131
DOID:0050440	OMIM:151660
DOID:0050440	OMIM:604367
DOID:0050440	OMIM:608600
DOID:0050440	OMIM:613877
DOID:0050440	OMIM:615238
DOID:14323	OMIM:154700
DOID:6255	OMIM:102200
DOID:8552	OMIM:608232
DOID:11119	OMIM:137580
DOID:14501	OMIM:270200
DOID:14503	OMIM:162350
DOID:14503	OMIM:204200
DOID:14503	OMIM:204300
DOID:14503	OMIM:204500
DOID:14503	OMIM:256730
DOID:14503	OMIM:256731
DOID:14503	OMIM:600143
DOID:14503	OMIM:601780
DOID:14503	OMIM:609055
DOID:14503	OMIM:610003
DOID:14503	OMIM:610127
DOID:14503	OMIM:610951
DOID:14503	OMIM:614706
DOID:14503	OMIM:615362
DOID:14504	OMIM:257200
DOID:14504	OMIM:257220
DOID:14504	OMIM:607616
DOID:14504	OMIM:607625
DOID:0060271	OMIM:615851
DOID:0060270	OMIM:613811
DOID:0060277	OMIM:614961
DOID:6039	OMIM:155720
DOID:6039	OMIM:606660
DOID:6039	OMIM:606661
DOID:1700	OMIM:308100
DOID:0060279	OMIM:615803
DOID:0060278	OMIM:615809
DOID:13042	OMIM:265380
DOID:12270	OMIM:120200
DOID:12270	OMIM:120300
DOID:12270	OMIM:216820
DOID:1094	OMIM:143465
DOID:1094	OMIM:608903
DOID:1094	OMIM:608904
DOID:1094	OMIM:608905
DOID:1094	OMIM:608906
DOID:1094	OMIM:612311
DOID:1094	OMIM:612312
DOID:1094	OMIM:613003
DOID:0050539	OMIM:118210
DOID:0050539	OMIM:118230
DOID:0050539	OMIM:600882
DOID:0050539	OMIM:601472
DOID:0050539	OMIM:604484
DOID:0050539	OMIM:605588
DOID:0050539	OMIM:605589
DOID:0050539	OMIM:606071
DOID:0050539	OMIM:606595
DOID:0050539	OMIM:607677
DOID:0050539	OMIM:607684
DOID:0050539	OMIM:607731
DOID:0050539	OMIM:607736
DOID:0050539	OMIM:607831
DOID:0050539	OMIM:608591
DOID:0050539	OMIM:608673
DOID:0050539	OMIM:609260
DOID:0050539	OMIM:613287
DOID:0050539	OMIM:614228
DOID:0050539	OMIM:614436
DOID:0050539	OMIM:615025
DOID:0050539	OMIM:615490
DOID:0050539	OMIM:616155
DOID:0050539	OMIM:616233
DOID:0050539	OMIM:616280
DOID:0050539	OMIM:616491
DOID:0050538	OMIM:118200
DOID:0050538	OMIM:118220
DOID:0050538	OMIM:118300
DOID:0050538	OMIM:601098
DOID:0050538	OMIM:607678
DOID:0050538	OMIM:607734
DOID:0050530	OMIM:253550
DOID:0050537	OMIM:116600
DOID:0050537	OMIM:605387
DOID:0050537	OMIM:610623
DOID:0050537	OMIM:613763
DOID:0050536	OMIM:269000
DOID:0050535	OMIM:133780
DOID:0050535	OMIM:305390
DOID:0050535	OMIM:601813
DOID:0050535	OMIM:605750
DOID:0050535	OMIM:613310
DOID:1148	OMIM:174200
DOID:1148	OMIM:174500
DOID:1148	OMIM:174700
DOID:1148	OMIM:603596
DOID:0060471	OMIM:609442
DOID:332	OMIM:105400
DOID:332	OMIM:205100
DOID:332	OMIM:205200
DOID:332	OMIM:602433
DOID:332	OMIM:608030
DOID:332	OMIM:611895
DOID:332	OMIM:612069
DOID:332	OMIM:612577
DOID:332	OMIM:613435
DOID:0060475	OMIM:615369
DOID:0060474	OMIM:263400
DOID:4647	OMIM:180200
DOID:3948	OMIM:202300
DOID:12580	OMIM:123450
DOID:0050629	OMIM:225750
DOID:0050629	OMIM:610181
DOID:0050629	OMIM:610329
DOID:0050629	OMIM:610333
DOID:0050629	OMIM:612952
DOID:0050629	OMIM:615010
DOID:0050629	OMIM:615846
DOID:0050628	OMIM:604348
DOID:0050628	OMIM:615224
DOID:4465	OMIM:605074
DOID:9146	OMIM:608207
DOID:9146	OMIM:611381
DOID:9146	OMIM:611382
DOID:0050848	OMIM:107650
DOID:0080019	OMIM:215050
DOID:10534	OMIM:137215
DOID:10534	OMIM:613659
DOID:13223	OMIM:150699
DOID:5426	OMIM:300510
DOID:5426	OMIM:300511
DOID:5426	OMIM:300604
DOID:5426	OMIM:311360
DOID:5426	OMIM:608996
DOID:5426	OMIM:611548
DOID:5426	OMIM:612310
DOID:5426	OMIM:612964
DOID:5426	OMIM:615723
DOID:5426	OMIM:615724
DOID:5425	OMIM:608115
DOID:0050999	OMIM:613728
DOID:0050998	OMIM:614756
DOID:0050995	OMIM:611907
DOID:0050994	OMIM:612656
DOID:0050997	OMIM:224050
DOID:0050997	OMIM:610185
DOID:0050997	OMIM:613227
DOID:0050997	OMIM:615268
DOID:0050996	OMIM:616055
DOID:0050990	OMIM:108500
DOID:0050993	OMIM:613855
DOID:0050992	OMIM:606552
DOID:0050441	OMIM:272200
DOID:0060276	OMIM:614969
DOID:0050445	OMIM:300554
DOID:0050445	OMIM:307800
DOID:0050657	OMIM:153480
DOID:594	OMIM:167870
DOID:594	OMIM:607853
DOID:594	OMIM:609985
DOID:12557	OMIM:126800
DOID:12557	OMIM:604356
DOID:10629	OMIM:206900
DOID:10629	OMIM:300166
DOID:10629	OMIM:309801
DOID:10629	OMIM:600165
DOID:10629	OMIM:601186
DOID:10629	OMIM:607932
DOID:10629	OMIM:609549
DOID:10629	OMIM:610093
DOID:10629	OMIM:610125
DOID:10629	OMIM:611038
DOID:10629	OMIM:611040
DOID:10629	OMIM:611897
DOID:10629	OMIM:613094
DOID:10629	OMIM:613704
DOID:10629	OMIM:615972
DOID:12129	OMIM:607499
DOID:12129	OMIM:610269
DOID:12120	OMIM:265120
DOID:12120	OMIM:300770
DOID:12120	OMIM:610913
DOID:12120	OMIM:610921
DOID:12120	OMIM:614370
